Customer ID,Region,Vertical,Subvertical
CUS-1516050,Taiwan,Retail,Fashion Retailer
CUS-1467150,Taiwan,Retail,Marketplace
CUS-1470950,Thailand,Retail,Marketplace
CUS-1506400,Brazil,Other,Other
CUS-1485550,CEE,Retail,Sports
CUS-154400,CEE,Retail,Kids Fashion
CUS-309850,Singapore,Real Estate,Real Estate
CUS-647000,Turkey,Retail,Supermarket Chains
CUS-1570450,Hong Kong,Restaurants and Delivery,Restaurants and Delivery
CUS-1500950,Malaysia,Retail,Fashion Retailer
CUS-355050,Turkey,Retail,Fashion Retailer
CUS-262900,MENA,Travel,Hotels and Accommodation
CUS-157900,Turkey,Retail,Sports
CUS-165900,Turkey,Retail,Fashion Retailer
CUS-1489200,Indonesia,Finance,"Credit, Loans and P2P"
CUS-1253400,Singapore,Internet and Telecom,Internet and Telecom
CUS-835900,Russia,Travel,Airlines and Airports
CUS-1554650,MENA,,
CUS-1492900,Turkey,B2B Commerce,B2B Commerce
CUS-5612650,Turkey,,
CUS-1467350,Turkey,Other,
CUS-176700,MENA,Media and Publishing,Newspapers and Magazines
CUS-335250,MENA,Automotive,Automotive
CUS-1464800,South Cone,B2B Commerce,B2B Commerce
CUS-1500850,South Cone,B2B Commerce,B2B Commerce
CUS-690000,Turkey,Automotive,Automotive
CUS-1489700,MENA,Retail,Fashion Retailer
CUS-159150,Turkey,Retail,Fashion Retailer
CUS-1545050,Thailand,Real Estate,Real Estate
CUS-1469000,MENA,Retail,Fashion Retailer
CUS-175150,CEE,Retail,Fashion Retailer
CUS-706750,Indonesia,Restaurants and Delivery,Restaurants and Delivery
CUS-1511700,United States,Retail,Fashion Retailer
CUS-1605500,Brazil,Ebetting and Lottery,Ebetting and Lottery
CUS-1450800,Australia,Retail,Fashion Retailer
CUS-1460950,France,,
CUS-927800,Turkey,Non Profit Organizations,Pharmaceuticals
CUS-387200,Turkey,Retail,Jewelry and Accessories
CUS-1497750,Malaysia,Media and Publishing,Content Websites
CUS-268900,MENA,Automotive,Automotive
CUS-166100,Turkey,Retail,Cosmetics
CUS-320200,MENA,Retail,Cosmetics
CUS-1475550,Turkey,Finance,Insurance
CUS-1481550,United Kingdom,Retail,Fitness
CUS-1430050,Turkey,Healthcare,Pharmaceuticals
CUS-1079000,Thailand,Retail,Consumer Electronics
CUS-1468100,Russia,Finance,Banking
CUS-847750,CEE,Retail,Home and Furniture
CUS-1516450,Taiwan,Retail,Fashion Retailer
CUS-1043250,Vietnam,Retail,Supermarket Chains
CUS-1485950,Spain,Retail,Consumer Electronics
CUS-547850,Turkey,Retail,Home and Furniture
CUS-163250,Indonesia,Retail,Fashion Retailer
CUS-247350,Turkey,Retail,Shoes
CUS-1471500,Turkey,Ebetting and Lottery,Ebetting and Lottery
CUS-1531900,Turkey,Restaurants and Delivery,Restaurants and Delivery
CUS-1479450,Brazil,Retail,Cosmetics
CUS-1529500,Turkey,Retail,Fashion Retailer
CUS-312300,CEE,Finance,"Credit, Loans and P2P"
CUS-1539250,Turkey,Travel,
CUS-1493400,MENA,Finance,Insurance
CUS-1560800,Turkey,Other,Other
CUS-1177150,Turkey,Media and Publishing,Content Websites
CUS-427350,Indonesia,Transportation and Logistics,Transportation and Logistics
CUS-1479200,Indonesia,Travel,Hotels and Accommodation
CUS-1465300,Spain,Retail,Fashion Retailer
CUS-1233700,Singapore,Retail,Fitness
CUS-237150,Malaysia,Retail,Cosmetics
CUS-635850,Taiwan,Retail,Fitness
CUS-558200,Australia,Retail,Book Retailers
CUS-1506750,MENA,Retail,Marketplace
CUS-1456500,Thailand,Healthcare,Pharmaceuticals
CUS-150950,MENA,Retail,Fashion Retailer
CUS-152700,CEE,Other,Other
CUS-1456650,Thailand,Healthcare,Hospital and Dentistry
CUS-5608700,South Cone,,
CUS-1502250,Spain,Retail,Shoes
CUS-594300,Indonesia,Other,Other
CUS-331350,Singapore,Retail,Marketplace
CUS-1519950,Brazil,Retail,Fashion Retailer
CUS-304800,Turkey,Retail,Fashion Retailer
CUS-1480600,Indonesia,Other,Other
CUS-927200,Thailand,Retail,Marketplace
CUS-1446750,Thailand,Retail,Supermarket Chains
CUS-422800,Turkey,Retail,Fashion Retailer
CUS-382950,Turkey,Retail,Home and Furniture
CUS-940500,Turkey,Retail,Home and Furniture
CUS-1359600,Taiwan,Retail,Other
CUS-183400,Turkey,Media and Publishing,Content Websites
CUS-1488700,Taiwan,Other,Other
CUS-1530950,Turkey,Retail,Kids Fashion
CUS-153300,Russia,Retail,Entertainment and Ticketing
CUS-1605600,Brazil,Finance,Insurance
CUS-273850,Singapore,Internet and Telecom,Internet and Telecom
CUS-885600,Singapore,Internet and Telecom,Internet and Telecom
CUS-1585800,Australia,Retail,Fashion Retailer
CUS-1447100,CEE,Retail,Cosmetics
CUS-1485750,CEE,Retail,Cosmetics
CUS-897850,CEE,Retail,Cosmetics
CUS-908900,CEE,Retail,Cosmetics
CUS-424500,CEE,Retail,Cosmetics
CUS-1567700,MENA,Retail,Fashion Retailer
CUS-1577250,Brazil,Retail,Animal Products
CUS-607700,Turkey,Retail,Fashion Retailer
CUS-159400,Turkey,Other,Other
CUS-1438350,Spain,Retail,Gifts
CUS-670600,Taiwan,Media and Publishing,Newspapers and Magazines
CUS-941800,Vietnam,Retail,Fashion Retailer
CUS-1478350,Russia,Travel,Online Travel Agency (OTA)
CUS-1500250,South Cone,Automotive,Automotive
CUS-360000,CEE,Finance,"Credit, Loans and P2P"
CUS-654100,Vietnam,Other,Other
CUS-393800,Turkey,Automotive,Automotive
CUS-1513850,MENA,Restaurants and Delivery,Restaurants and Delivery
CUS-1549300,Australia,Retail,
CUS-197800,Russia,Retail,Kids Fashion
CUS-1586350,CEE,Retail,Cosmetics
CUS-676850,Singapore,Retail,Sports
CUS-1555750,Indonesia,Retail,Marketplace
CUS-1458300,CEE,Retail,Fitness
CUS-303900,CEE,Retail,Fashion Retailer
CUS-369900,Turkey,Retail,Fashion Retailer
CUS-155550,Turkey,Retail,Shoes
CUS-597900,United Kingdom,Retail,Fitness
CUS-252200,Turkey,Travel,Hotels and Accommodation
CUS-1503600,Benelux,Retail,Home and Furniture
CUS-1463350,Thailand,Retail,Home and Furniture
CUS-1165250,Malaysia,Restaurants and Delivery,Restaurants and Delivery
CUS-1588950,Turkey,Travel,Online Travel Agency (OTA)
CUS-1518250,Mexico,Consumer Electronics,Other
CUS-169500,Russia,Retail,Cosmetics
CUS-1607650,Singapore,Healthcare,Hospital and Dentistry
CUS-1492550,Malaysia,Retail,Fashion Retailer
CUS-584150,Spain,Retail,Home and Furniture
CUS-156200,Turkey,Retail,Jewelry and Accessories
CUS-1517500,CEE,Retail,Shoes
CUS-618050,Turkey,B2B SaaS,B2B SaaS
CUS-796600,Taiwan,Retail,Cosmetics
CUS-1520000,Turkey,Travel,Hotels and Accommodation
CUS-1293200,CEE,Retail,Cosmetics
CUS-1574350,Spain,Retail,Marketplace
CUS-1100500,MENA,Retail,Toys
CUS-5600850,Brazil,,
CUS-1584450,Australia,Retail,Fashion Retailer
CUS-1516700,Brazil,Classifieds,Classifieds
CUS-1484950,South Cone,Retail,Supermarket Chains
CUS-1530150,United Kingdom,Retail,Home and Furniture
CUS-1498050,Philippines,Other,Other
CUS-185750,Indonesia,Retail,Consumer Electronics
CUS-615050,Turkey,B2B Commerce,B2B Commerce
CUS-547500,CEE,Retail,Cosmetics
CUS-1485850,CEE,Retail,Cosmetics
CUS-305050,Thailand,Retail,Cosmetics
CUS-1510000,Turkey,Travel,Car Rentals
CUS-169250,CEE,Retail,Entertainment and Ticketing
CUS-1562600,Australia,Retail,Animal Products
CUS-1489950,Australia,Retail,Fashion Retailer
CUS-1564450,Turkey,Other,Other
CUS-1494900,Taiwan,Travel,Airlines and Airports
CUS-1507250,Taiwan,Retail,Marketplace
CUS-1522100,France,Other,Other
CUS-1147000,Japan,Retail,Jewelry and Accessories
CUS-1545900,Turkey,Other,Other
CUS-574550,Vietnam,Retail,Marketplace
CUS-1515100,Turkey,Finance,Insurance
CUS-1495950,Turkey,Travel,Car Rentals
CUS-1509550,Brazil,Finance,Banking
CUS-788700,Japan,Other,Other
CUS-1487800,MENA,Finance,Banking
CUS-1551550,Indonesia,Internet and Telecom,Internet and Telecom
CUS-1553850,United States,Other,
CUS-1518100,MENA,Retail,Flowers
CUS-1553150,CEE,Retail,Supermarket Chains
CUS-1587250,Singapore,Restaurants and Delivery,Restaurants and Delivery
CUS-156150,Turkey,Retail,Fashion Retailer
CUS-782950,CEE,Retail,Cosmetics
CUS-5599400,Australia,,
CUS-1476350,Taiwan,Internet and Telecom,Internet and Telecom
CUS-1559650,Taiwan,Career and Education,Education and Universities
CUS-1466600,South Cone,Automotive,Automotive
CUS-1510300,Indonesia,Other,Other
CUS-201850,Turkey,Retail,Fashion Retailer
CUS-551500,Turkey,Retail,Fashion Retailer
CUS-651400,Taiwan,Retail,Fashion Retailer
CUS-1512900,Turkey,Finance,Insurance
CUS-1357700,United Kingdom,Other,Other
CUS-238550,Indonesia,Travel,Airlines and Airports
CUS-1057850,Vietnam,Retail,Consumer Electronics
CUS-1332850,France,Retail,Fashion Retailer
CUS-735850,Turkey,Retail,Consumer Electronics
CUS-1544700,United Kingdom,Other,
CUS-1467200,South Cone,Real Estate,Real Estate
CUS-1451000,Indonesia,Media and Publishing,Content Websites
CUS-1572600,Turkey,Retail,Fashion Retailer
CUS-1443500,Vietnam,B2B Commerce,B2B Commerce
CUS-763850,Australia,Retail,Home and Furniture
CUS-1557400,France,Career and Education,Education and Universities
CUS-300000,Taiwan,Automotive,Automotive
CUS-365450,Singapore,Retail,Book Retailers
CUS-1487850,Turkey,Retail,Marketplace
CUS-1470600,Korea,Transportation and Logistics,Transportation and Logistics
CUS-1484800,Hong Kong,Comparison,Classifieds
CUS-1493800,Australia,Retail,Consumer Electronics
CUS-1526350,Australia,Retail,Home and Furniture
CUS-511950,United Kingdom,Gaming,Gaming
CUS-879750,Indonesia,Healthcare,Content Websites
CUS-597400,Turkey,Retail,Fitness
CUS-1559100,Australia,Retail,Home and Furniture
CUS-223950,Indonesia,Retail,Consumer Electronics
CUS-280750,Singapore,Retail,Consumer Electronics
CUS-1088600,United Kingdom,Retail,Home and Furniture
CUS-309800,Turkey,Retail,Fashion Retailer
CUS-1474250,CEE,Retail,Cosmetics
CUS-1508000,Vietnam,Classifieds,Classifieds
CUS-1441650,MENA,Automotive,Automotive
CUS-1449050,Russia,Retail,Consumer Electronics
CUS-863400,Vietnam,Retail,Fashion Retailer
CUS-477400,Vietnam,Retail,Fashion Retailer
CUS-1456400,MENA,Retail,Home and Furniture
CUS-1486300,Turkey,Automotive,Automotive
CUS-1461500,Brazil,Retail,Fashion Retailer
CUS-268600,Turkey,Other,Other
CUS-296200,Thailand,Travel,Hotels and Accommodation
CUS-206250,Russia,Retail,Consumer Electronics
CUS-1512100,Benelux,Retail,Fashion Retailer
CUS-1352250,Benelux,Retail,Fashion Retailer
CUS-1477700,Benelux,Retail,Fashion Retailer
CUS-1477800,Benelux,Retail,Fashion Retailer
CUS-1477900,Benelux,Retail,Fashion Retailer
CUS-1414650,Hong Kong,Retail,Fashion Retailer
CUS-271600,Taiwan,Retail,Supermarket Chains
CUS-1521550,Benelux,Retail,Consumer Electronics
CUS-439200,Turkey,Career and Education,Education and Universities
CUS-1516950,Turkey,Other,Other
CUS-454800,United Kingdom,Retail,Gifts
CUS-1474600,MENA,Retail,Home and Furniture
CUS-1444750,Indonesia,Retail,Home and Furniture
CUS-457100,Korea,Retail,Other
CUS-753450,Malaysia,Retail,Modest Fashion
CUS-1486850,Benelux,Retail,Home and Furniture
CUS-152200,CEE,Internet and Telecom,Internet and Telecom
CUS-1056700,Australia,Retail,Cosmetics
CUS-999900,CEE,Classifieds,Classifieds
CUS-998800,Turkey,Finance,Banking
CUS-1056750,Australia,Retail,Cosmetics
CUS-1304550,CEE,Retail,Other
CUS-1491750,France,Retail,Flowers
CUS-1493200,CEE,Retail,Sports
CUS-1359400,Korea,Retail,Cosmetics
CUS-1469700,Russia,Retail,Consumer Electronics
CUS-1519450,Turkey,Finance,Banking
CUS-1537900,MENA,Retail,Supermarket Chains
CUS-1565900,Vietnam,Internet and Telecom,Internet and Telecom
CUS-1474550,Turkey,Automotive,Automotive
CUS-1595650,Australia,Automotive,Automotive
CUS-159000,Turkey,Automotive,Automotive
CUS-1522550,Korea,Travel,Airlines and Airports
CUS-1495700,Korea,Travel,Online Travel Agency (OTA)
CUS-154000,Russia,Career and Education,Jobs and Employment
CUS-417250,CEE,Retail,Cosmetics
CUS-316700,Turkey,Retail,Fashion Retailer
CUS-1471700,Malaysia,Media and Publishing,Content Websites
CUS-1451950,Taiwan,Media and Publishing,Content Websites
CUS-1471450,Taiwan,Retail,Animal Products
CUS-610450,Turkey,Media and Publishing,Content Websites
CUS-1493100,Turkey,Retail,Marketplace
CUS-1466450,Turkey,Retail,Home and Furniture
CUS-1536250,MENA,Financial Services,Banking
CUS-5601600,South Cone,Automotive,Automotive
CUS-229950,MENA,Restaurants and Delivery,Restaurants and Delivery
CUS-376750,Korea,Travel,Hotels and Accommodation
CUS-804150,Taiwan,Retail,Pharmaceuticals
CUS-386750,Turkey,Retail,Fashion Retailer
CUS-262600,Turkey,Internet and Telecom,Internet and Telecom
CUS-372400,Indonesia,Media and Publishing,Content Websites
CUS-1435450,MENA,Retail,Cosmetics
CUS-667600,Korea,Automotive,Automotive
CUS-186450,CEE,Retail,Consumer Electronics
CUS-156450,Turkey,Retail,Jewelry and Accessories
CUS-514000,Malaysia,Media and Publishing,Content Websites
CUS-1473700,Spain,Retail,Shoes
CUS-927450,Turkey,Retail,Home Appliances
CUS-1526650,France,Retail,Cosmetics
CUS-1078050,CEE,Retail,Cosmetics
CUS-1510900,Hong Kong,Retail,Cosmetics
CUS-1531250,Singapore,Retail,Cosmetics
CUS-1511350,France,Fashion,Fashion Retailer
CUS-437300,Russia,Retail,Fashion Retailer
CUS-1558150,United Kingdom,Retail,Home Appliances
CUS-1558250,United Kingdom,Retail,Home Appliances
CUS-1558350,United Kingdom,Retail,Home and Furniture
CUS-1558500,United Kingdom,Retail,Home Appliances
CUS-1558700,United Kingdom,Retail,Home Appliances
CUS-1558850,United Kingdom,Retail,Home Appliances
CUS-1558950,United Kingdom,Retail,Home Appliances
CUS-1559000,United Kingdom,Retail,Home Appliances
CUS-1535750,United Kingdom,Retail,Home Appliances
CUS-1500650,Turkey,Retail,Fashion Retailer
CUS-163950,Malaysia,Retail,Marketplace
CUS-1030300,Australia,Retail,Consumer Electronics
CUS-992450,Singapore,Internet and Telecom,Consumer Electronics
CUS-1489750,Brazil,Retail,Home and Furniture
CUS-1262600,Turkey,Retail,Fashion Retailer
CUS-1452700,Korea,Retail,Consumer Electronics
CUS-276850,Turkey,Retail,Fashion Retailer
CUS-1492600,Malaysia,Retail,Fashion Retailer
CUS-1516900,MENA,Retail,
CUS-820450,Thailand,Classifieds,Classifieds
CUS-556650,Turkey,Retail,Fashion Retailer
CUS-695600,Korea,Retail,Marketplace
CUS-156400,Turkey,Retail,Fashion Retailer
CUS-1494650,France,Other,Other
CUS-1448950,United Kingdom,Retail,Home and Furniture
CUS-1440200,United Kingdom,Retail,Home and Furniture
CUS-1459550,Turkey,Retail,Fashion Retailer
CUS-703000,Australia,Travel,Online Travel Agency (OTA)
CUS-1457850,United Kingdom,Retail,Fashion Retailer
CUS-1447700,CEE,Retail,Cosmetics
CUS-467000,MENA,Retail,Cosmetics
CUS-166400,Turkey,Retail,Fashion Retailer
CUS-1517550,Turkey,Other,Other
CUS-1359000,Vietnam,Retail,Fashion Retailer
CUS-1506350,Benelux,Retail,Supermarket Chains
CUS-260600,Turkey,Automotive,Automotive
CUS-1455250,Brazil,Retail,Home and Furniture
CUS-1499350,Turkey,,
CUS-1474500,Turkey,Retail,Animal Products
CUS-639850,Turkey,Retail,Fashion Retailer
CUS-965750,Indonesia,Other,Other
CUS-1515950,Turkey,Media and Publishing,
CUS-1448800,CEE,Retail,Sports
CUS-606600,Indonesia,Retail,Fashion Retailer
CUS-1484300,CEE,Retail,
CUS-1510600,France,Retail,Jewelry and Accessories
CUS-586000,Australia,Retail,Fashion Retailer
CUS-155500,Turkey,Restaurants and Delivery,Restaurants and Delivery
CUS-793100,Australia,Retail,Cosmetics
CUS-1130300,Australia,Retail,Cosmetics
CUS-5602250,Vietnam,,
CUS-5604550,Taiwan,,
CUS-1488200,Taiwan,Other,Other
CUS-1502400,CEE,Retail,Home Appliances
CUS-331650,Turkey,Retail,Supermarket Chains
CUS-1414450,Turkey,Media and Publishing,Newspapers and Magazines
CUS-362350,Turkey,Other,Construction
CUS-1456000,MENA,Retail,Jewelry and Accessories
CUS-326850,CEE,Retail,Supermarket Chains
CUS-1496850,Brazil,Retail,Home and Furniture
CUS-1492650,Turkey,Retail,Fashion Retailer
CUS-155750,Turkey,Other,Other
CUS-5603550,MENA,,
CUS-1463000,South Cone,Finance,Banking
CUS-287050,Turkey,Retail,Jewelry and Accessories
CUS-800300,Korea,Retail,Fashion Retailer
CUS-183600,Turkey,Retail,Consumer Electronics
CUS-639700,MENA,Retail,Entertainment and Ticketing
CUS-1573500,MENA,Automotive,Automotive
CUS-1573550,MENA,Automotive,Automotive
CUS-1482750,Turkey,Retail,Sports
CUS-594050,Indonesia,Travel,Car Rentals
CUS-1562100,Turkey,Finance,"Credit, Loans and P2P"
CUS-231050,MENA,Travel,Online Travel Agency (OTA)
CUS-153100,Russia,Retail,Consumer Electronics
CUS-1552650,United States,Ebetting and Lottery,Ebetting and Lottery
CUS-1476500,Indonesia,Internet and Telecom,Internet and Telecom
CUS-1508450,Australia,Retail,Fashion Retailer
CUS-1503800,Australia,Retail,Marketplace
CUS-1501400,MENA,Restaurants and Delivery,Restaurants and Delivery
CUS-1479350,MENA,Restaurants and Delivery,Restaurants and Delivery
CUS-1459800,Turkey,Retail,Cosmetics
CUS-1446350,Australia,Retail,Cosmetics
CUS-673950,MENA,Retail,Fashion Retailer
CUS-390850,Taiwan,Restaurants and Delivery,Restaurants and Delivery
CUS-1512600,Benelux,Retail,Cosmetics
CUS-1544350,Turkey,Retail,Marketplace
CUS-1087500,MENA,Restaurants and Delivery,Restaurants and Delivery
CUS-172150,Turkey,Media and Publishing,Content Websites
CUS-1494600,Vietnam,Media and Publishing,Content Websites
CUS-1543850,France,Real Estate,Real Estate
CUS-1298350,Turkey,Travel,Hotels and Accommodation
CUS-1317050,MENA,Retail,Cosmetics
CUS-470350,Japan,Retail,Sports
CUS-1335000,MENA,Automotive,Automotive
CUS-1565550,MENA,Consumer Electronics,Consumer Electronics
CUS-160450,Turkey,Media and Publishing,Newspapers and Magazines
CUS-265500,CEE,Retail,Cosmetics
CUS-169350,CEE,Retail,Fashion Retailer
CUS-157400,Turkey,Other,Other
CUS-264900,Turkey,Healthcare,Pharmaceuticals
CUS-1478450,Turkey,Retail,Fashion Retailer
CUS-1485100,Brazil,Retail,Fashion Retailer
CUS-1537950,MENA,Healthcare,Pharmaceuticals
CUS-1373550,Thailand,Retail,Fashion Retailer
CUS-1476950,Singapore,Retail,Fashion Retailer
CUS-1477000,Singapore,Retail,Fashion Retailer
CUS-1477050,Singapore,Retail,Fashion Retailer
CUS-1152000,Japan,Retail,Consumer Electronics
CUS-1443550,Vietnam,Retail,Consumer Electronics
CUS-1477450,United States,Retail,Cosmetics
CUS-1078450,CEE,Retail,Cosmetics
CUS-1023900,Turkey,Travel,Online Travel Agency (OTA)
CUS-240000,Turkey,Travel,Online Travel Agency (OTA)
CUS-1443000,Vietnam,Automotive,Automotive
CUS-1560250,Turkey,Retail,Office Products
CUS-1538350,Brazil,Healthcare,Pharmaceuticals
CUS-1559750,France,Other,Other
CUS-482500,Turkey,Retail,Animal Products
CUS-1378600,Turkey,Finance,"Credit, Loans and P2P"
CUS-1580150,Turkey,Restaurants and Delivery,Restaurants and Delivery
CUS-1514850,Turkey,Retail,Gifts
CUS-599300,Turkey,Retail,Home and Furniture
CUS-1557800,Turkey,Other,Other
CUS-836050,CEE,Healthcare,Pharmaceuticals
CUS-1443150,Taiwan,Retail,Consumer Electronics
CUS-1450600,United Kingdom,Retail,Consumer Electronics
CUS-794700,Vietnam,Retail,Consumer Electronics
CUS-515050,Russia,Real Estate,Real Estate
CUS-1517300,MENA,Restaurants and Delivery,Restaurants and Delivery
CUS-1468950,MENA,Restaurants and Delivery,Restaurants and Delivery
CUS-1291050,Australia,Retail,Sports
CUS-1560050,Benelux,Retail,Gardening
CUS-317450,Turkey,B2B Commerce,B2B Commerce
CUS-5604400,Benelux,,
CUS-1050750,Turkey,Retail,Automotive
CUS-1430450,Vietnam,Restaurants and Delivery,Restaurants and Delivery
CUS-1577850,Turkey,Other,
CUS-161650,Malaysia,Retail,Fashion Retailer
CUS-274200,Turkey,Retail,Home and Furniture
CUS-1451150,United Kingdom,Retail,Fitness
CUS-5606700,Brazil,,
CUS-151950,CEE,Other,Other
CUS-248500,Turkey,Internet and Telecom,Internet and Telecom
CUS-642900,Singapore,Real Estate,Real Estate
CUS-1350200,Turkey,Retail,Fitness
CUS-219350,Russia,Retail,Fashion Retailer
CUS-1495000,MENA,Retail,Fashion Retailer
CUS-1516550,Malaysia,Retail,Fashion Retailer
CUS-1082600,Malaysia,Retail,Fashion Retailer
CUS-269400,Turkey,Restaurants and Delivery,Restaurants and Delivery
CUS-415750,Russia,Other,Other
CUS-1553350,MENA,Automotive,Automotive
CUS-1445550,Turkey,Career and Education,Education and Universities
CUS-1472400,Malaysia,Finance,Banking
CUS-1586050,Australia,Retail,Fashion Retailer
CUS-1465350,CEE,Retail,Fashion Retailer
CUS-1465550,CEE,Retail,Fashion Retailer
CUS-1464550,CEE,Retail,Fashion Retailer
CUS-1464600,CEE,Retail,Fashion Retailer
CUS-604150,Turkey,Career and Education,Education and Universities
CUS-1509150,Taiwan,Retail,Consumer Electronics
CUS-1499750,Brazil,Retail,Fashion Retailer
CUS-730800,MENA,Retail,Fashion Retailer
CUS-1481350,Russia,Automotive,Automotive
CUS-1481300,Russia,Automotive,Automotive
CUS-1466250,Spain,Retail,Consumer Electronics
CUS-1131850,Russia,Other,Other
CUS-859900,Malaysia,Retail,Gifts
CUS-185950,Indonesia,Real Estate,Real Estate
CUS-470750,Taiwan,Retail,Cosmetics
CUS-1517350,Turkey,Media and Publishing,Content Websites
CUS-1511050,Indonesia,Finance,Investment
CUS-1597450,United Kingdom,Retail,Consumer Electronics
CUS-1600400,United Kingdom,Retail,Consumer Electronics
CUS-1598700,United Kingdom,Retail,Consumer Electronics
CUS-1473950,MENA,Retail,Consumer Electronics
CUS-5613650,MENA,,
CUS-1448650,Brazil,Finance,Banking
CUS-1517950,Brazil,Finance,Banking
CUS-1492500,Brazil,Finance,"Credit, Loans and P2P"
CUS-726200,Turkey,Retail,Fashion Retailer
CUS-660050,United Kingdom,Career and Education,Education and Universities
CUS-1607000,Australia,,
CUS-1598050,France,Internet and Telecom,Internet and Telecom
CUS-1512950,Vietnam,Retail,Cosmetics
CUS-495600,MENA,Retail,Consumer Electronics
CUS-1494700,MENA,Classifieds,Classifieds
CUS-163900,Singapore,B2B Commerce,B2B Commerce
CUS-229300,Russia,Retail,Marketplace
CUS-360100,Vietnam,Retail,Marketplace
CUS-5607750,Benelux,,
CUS-1445300,Malaysia,Retail,Supermarket Chains
CUS-159050,Turkey,Finance,Insurance
CUS-161600,Singapore,Travel,Airlines and Airports
CUS-1449700,Taiwan,Real Estate,Real Estate
CUS-1172250,Australia,Retail,Sports
CUS-1454450,MENA,Retail,Marketplace
CUS-1461900,Spain,Career and Education,Education and Universities
CUS-1537850,France,Media and Publishing,Content Websites
CUS-634850,Russia,Retail,Fashion Retailer
CUS-537750,Korea,Ebetting and Lottery,Ebetting and Lottery
CUS-463250,Indonesia,Other,Other
CUS-361700,MENA,Automotive,Automotive
CUS-1486500,Singapore,Career and Education,Education and Universities
CUS-1570650,Korea,Other,Other
CUS-1494250,United Kingdom,Retail,Sports
CUS-1496500,South Cone,Retail,Sports
CUS-156950,Turkey,Retail,Sports
CUS-1480950,Spain,Retail,Sports
CUS-1488350,Taiwan,Other,Other
CUS-1482200,MENA,Retail,Fashion Retailer
CUS-1466300,Australia,Retail,Fashion Retailer
CUS-1485150,Australia,Retail,Animal Products
CUS-1172550,Australia,Retail,Sports
CUS-1456300,Australia,Retail,Sports
CUS-153600,Russia,Retail,Consumer Electronics
CUS-1478400,Russia,Travel,Online Travel Agency (OTA)
CUS-797050,Japan,Other,Others
CUS-1373400,Australia,Other,Other
CUS-418000,Russia,Retail,Consumer Electronics
CUS-1471150,MENA,Finance,Banking
CUS-1199150,Singapore,Transportation and Logistics,Transportation and Logistics
CUS-1489900,Taiwan,Retail,Home and Furniture
CUS-150600,MENA,Travel,Online Travel Agency (OTA)
CUS-1468150,Turkey,Restaurants and Delivery,Restaurants and Delivery
CUS-1489150,Indonesia,Retail,Marketplace
CUS-1526050,Vietnam,Comparison,Restaurants and Delivery
CUS-1449750,Turkey,Real Estate,
CUS-1462250,MENA,Retail,Cosmetics
CUS-157250,Turkey,Travel,Online Travel Agency (OTA)
CUS-176450,Turkey,Travel,Online Travel Agency (OTA)
CUS-157000,Turkey,Travel,Online Travel Agency (OTA)
CUS-1469500,Vietnam,Retail,Home and Furniture
CUS-250450,CEE,Retail,Fashion Retailer
CUS-748200,Japan,Retail,Sports
CUS-417000,Turkey,Retail,Supermarket Chains
CUS-166850,Turkey,Retail,Supermarket Chains
CUS-1560300,Turkey,Retail,Consumer Electronics
CUS-226150,Russia,Internet and Telecom,Internet and Telecom
CUS-306500,Russia,Internet and Telecom,Internet and Telecom
CUS-1520550,Vietnam,Classifieds,Classifieds
CUS-1585350,MENA,Internet and Telecom,Internet and Telecom
CUS-1538750,MENA,,
CUS-159350,Turkey,Retail,Jewelry and Accessories
CUS-1589550,United Kingdom,Other,Gifts
CUS-1441500,Singapore,Retail,Fashion Retailer
CUS-476600,Malaysia,Travel,Hotels and Accommodation
CUS-917450,Vietnam,Internet and Telecom,Cosmetics
CUS-1102900,Taiwan,Retail,Jewelry and Accessories
CUS-1470000,Taiwan,Retail,Consumer Electronics
CUS-219200,Indonesia,Retail,Marketplace
CUS-1535650,Turkey,Retail,Fashion Retailer
CUS-1510800,Australia,Retail,Fashion Retailer
CUS-1528700,Turkey,Other,
CUS-243250,CEE,Retail,Jewelry and Accessories
CUS-1514450,Benelux,Retail,Toys
CUS-160300,Turkey,Automotive,Automotive
CUS-1477350,MENA,Automotive,Automotive
CUS-153850,Russia,Retail,Sports
CUS-1610300,United States,,
CUS-421250,MENA,Travel,Online Travel Agency (OTA)
CUS-406800,MENA,Travel,Online Travel Agency (OTA)
CUS-406950,MENA,Travel,Online Travel Agency (OTA)
CUS-1446800,Taiwan,Travel,Online Travel Agency (OTA)
CUS-1544750,United Kingdom,Retail,Cosmetics
CUS-379050,Vietnam,Travel,Online Travel Agency (OTA)
CUS-671450,Malaysia,Internet and Telecom,Internet and Telecom
CUS-1177950,Turkey,Internet and Telecom,Internet and Telecom
CUS-1496550,South Cone,Retail,Sports
CUS-219500,Turkey,Retail,Gifts
CUS-269450,Turkey,Retail,Book Retailers
CUS-166350,Turkey,Retail,Fashion Retailer
CUS-1482800,Turkey,Retail,Consumer Electronics
CUS-1484200,Vietnam,Other,Other
CUS-1421300,Turkey,Retail,Gifts
CUS-1493550,Brazil,Retail,Sports
CUS-420000,Turkey,Retail,Toys
CUS-1245850,CEE,B2B Commerce,Supermarket Chains
CUS-925400,CEE,B2B Commerce,Supermarket Chains
CUS-281750,Taiwan,Retail,Cosmetics
CUS-1542100,Korea,Internet and Telecom,Internet and Telecom
CUS-713250,Taiwan,Retail,Supermarket Chains
CUS-1495500,Vietnam,Retail,Marketplace
CUS-1472100,Malaysia,Media and Publishing,Content Websites
CUS-1242200,MENA,Finance,"Credit, Loans and P2P"
CUS-154100,Russia,Retail,Home and Furniture
CUS-150850,MENA,Retail,Fashion Retailer
CUS-1172300,Australia,Retail,Sports
CUS-1364800,Australia,Retail,Sports
CUS-1449550,Benelux,Other,Other
CUS-1414900,Vietnam,Retail,Fashion Retailer
CUS-1028200,Australia,Retail,Fashion Retailer
CUS-1493750,Vietnam,B2B SaaS,B2B SaaS
CUS-916650,Vietnam,Internet and Telecom,Internet and Telecom
CUS-1553900,United States,Fashion,
CUS-151700,MENA,Retail,Consumer Electronics
CUS-154250,CEE,Retail,Fashion Retailer
CUS-1536000,Turkey,Retail,Home and Furniture
CUS-1539150,Taiwan,Retail,Consumer Electronics
CUS-199050,Spain,Finance,"Credit, Loans and P2P"
CUS-1538700,France,Other,Other
CUS-1071750,Vietnam,Travel,Hotels and Accommodation
CUS-1554200,MENA,Automotive,Automotive
CUS-1492850,MENA,Retail,Cosmetics
CUS-1543550,Vietnam,Retail,Home and Furniture
CUS-1581100,Spain,Travel,Online Travel Agency (OTA)
CUS-1354300,Singapore,Finance,Banking
CUS-617450,Singapore,Retail,Cosmetics
CUS-1536450,CEE,Retail,Cosmetics
CUS-652450,Vietnam,Retail,Cosmetics
CUS-1557700,Taiwan,Retail,Fashion Retailer
CUS-1500350,South Cone,Automotive,Automotive
CUS-1511200,Vietnam,Finance,Investment
CUS-1497200,Korea,Retail,Sports
CUS-1496300,Benelux,Retail,Fashion Retailer
CUS-1577200,United States,Ebetting and Lottery,Ebetting and Lottery
CUS-1513400,Vietnam,Retail,Sports
CUS-1482150,Vietnam,Other,Other
CUS-1482000,Japan,Retail,Fashion Retailer
CUS-277650,Turkey,Retail,Fashion Retailer
CUS-1490750,CEE,Retail,Consumer Electronics
CUS-1331650,Indonesia,Restaurants and Delivery,Restaurants and Delivery
CUS-1454200,Vietnam,Restaurants and Delivery,Restaurants and Delivery
CUS-186200,CEE,Retail,Cosmetics
CUS-243350,CEE,Retail,Cosmetics
CUS-152550,CEE,Retail,Cosmetics
CUS-155450,Turkey,Retail,Jewelry and Accessories
CUS-1453850,Philippines,Retail,Cosmetics
CUS-1451550,Turkey,Retail,Supermarket Chains
CUS-1494200,Turkey,Retail,Fashion Retailer
