Customer ID,Region,Vertical,Subvertical
CUS-1471650,Malaysia,Media and Publishing,Content Websites
CUS-1087300,Australia,Transportation and Logistics,Transportation and Logistics
CUS-230550,Turkey,Retail,Fashion Retailer
CUS-1470950,Thailand,Retail,Marketplace
CUS-1526100,Vietnam,Other,Other
CUS-1507900,Vietnam,Other,Other
CUS-1430550,MENA,Media and Publishing,Content Websites
CUS-484050,Japan,Retail,Jewelry and Accessories
CUS-1485600,CEE,Retail,Sports
CUS-1479150,CEE,Retail,Sports
CUS-1485450,CEE,Retail,Sports
CUS-1485500,CEE,Retail,Sports
CUS-1548450,Australia,Retail,Gardening
CUS-1521000,Taiwan,Transportation and Logistics,Transportation and Logistics
CUS-1513350,Taiwan,Transportation and Logistics,Transportation and Logistics
CUS-429950,MENA,Retail,Fashion Retailer
CUS-343100,Japan,Automotive,Automotive
CUS-445700,Taiwan,Retail,Cosmetics
CUS-1497700,Malaysia,Media and Publishing,Content Websites
CUS-1459650,Taiwan,Restaurants and Delivery,Restaurants and Delivery
CUS-1490400,Taiwan,Retail,Marketplace
CUS-1514100,Taiwan,Retail,Office Products
CUS-1468500,MENA,Healthcare,Pharmaceuticals
CUS-1530300,Japan,Retail,Home and Furniture
CUS-1455050,Philippines,Real Estate,Real Estate
CUS-1487050,Australia,Career and Education,Education and Universities
CUS-1482350,Vietnam,Finance,Banking
CUS-1434900,Australia,Retail,Sports
CUS-5452900,Turkey,Travel,Online Travel Agency (OTA)
CUS-1435400,MENA,Retail,Home and Furniture
CUS-1554450,Brazil,Retail,Consumer Electronics
CUS-552050,Russia,Retail,Kids Fashion
CUS-542600,Taiwan,Retail,Consumer Electronics
CUS-289800,Vietnam,Retail,Marketplace
CUS-355050,Turkey,Retail,Fashion Retailer
CUS-1451500,Hong Kong,Retail,Sports
CUS-1399350,MENA,Retail,Fashion Retailer
CUS-826800,Thailand,Retail,Sports
CUS-759650,Thailand,Retail,Sports
CUS-1097250,Taiwan,Retail,Fashion Retailer
CUS-1454500,Thailand,Retail,Sports
CUS-1489100,Indonesia,Finance,"Credit, Loans and P2P"
CUS-1589350,United Kingdom,Financial Services,Insurance
CUS-1396700,Turkey,Retail,Home and Furniture
CUS-957200,Australia,Retail,Cosmetics
CUS-527200,Thailand,Retail,Consumer Electronics
CUS-332600,Turkey,Finance,Insurance
CUS-383850,Vietnam,Retail,Marketplace
CUS-1520400,United States,Other,
CUS-1517150,United States,,Jewelry and Accessories
CUS-205000,Turkey,Travel,Online Travel Agency (OTA)
CUS-1520650,Brazil,Career and Education,Education and Universities
CUS-1464300,Turkey,Finance,Investment
CUS-150500,MENA,Travel,Airlines and Airports
CUS-152900,CEE,Travel,Airlines and Airports
CUS-1551100,Taiwan,Retail,Fashion Retailer
CUS-1575550,Taiwan,Retail,Fashion Retailer
CUS-1523550,Turkey,Finance,
CUS-1161800,Korea,Retail,Marketplace
CUS-183300,Turkey,Finance,Insurance
CUS-1478900,Indonesia,Finance,"Credit, Loans and P2P"
CUS-1160350,MENA,Retail,Pharmaceuticals
CUS-350250,Turkey,Retail,Shoes
CUS-1497450,Vietnam,Retail,Fashion Retailer
CUS-158950,Turkey,Automotive,Automotive
CUS-1458050,Turkey,Retail,Marketplace
CUS-1456200,South Cone,Retail,Pharmaceuticals
CUS-1485400,Japan,Media and Publishing,Newspapers and Magazines
CUS-703550,United Kingdom,Finance,Insurance
CUS-534000,Turkey,Retail,Modest Fashion
CUS-154450,CEE,Retail,Marketplace
CUS-1481250,Malaysia,Finance,Banking
CUS-159850,Turkey,Financial Services,Insurance
CUS-1570500,Indonesia,Finance,Banking
CUS-175100,MENA,Travel,Online Travel Agency (OTA)
CUS-1491900,Indonesia,Healthcare,Pharmaceuticals
CUS-387950,MENA,Healthcare,Hospital and Dentistry
CUS-1455350,MENA,Retail,Consumer Electronics
CUS-1489250,Indonesia,Finance,"Credit, Loans and P2P"
CUS-1516200,Indonesia,B2B SaaS,B2B SaaS
CUS-1445650,Taiwan,Career and Education,Education and Universities
CUS-1573650,Vietnam,Retail,Fashion Retailer
CUS-1589700,South Cone,Retail,Fashion Retailer
CUS-1528550,Turkey,Healthcare,Hospital and Dentistry
CUS-706700,Indonesia,Other,Other
CUS-1489400,Thailand,Retail,Marketplace
CUS-1501100,Taiwan,Retail,Consumer Electronics
CUS-1559050,Australia,Retail,Home and Furniture
CUS-1497250,United States,Retail,Fashion Retailer
CUS-1528350,MENA,Financial Services,Banking
CUS-1481050,Malaysia,Healthcare,Pharmaceuticals
CUS-1481600,Malaysia,Healthcare,Pharmaceuticals
CUS-845700,Thailand,Retail,Fashion Retailer
CUS-1510450,United States,Retail,Jewelry and Accessories
CUS-1559300,Brazil,Other,Other
CUS-570900,Turkey,Retail,Fashion Retailer
CUS-476900,Malaysia,Travel,Hotels and Accommodation
CUS-1481750,Philippines,Retail,Consumer Electronics
CUS-168600,CEE,Retail,Fashion Retailer
CUS-309400,CEE,Retail,Fashion Retailer
CUS-152150,CEE,Retail,Fashion Retailer
CUS-175150,CEE,Retail,Fashion Retailer
CUS-175250,CEE,Retail,Fashion Retailer
CUS-175200,CEE,Retail,Fashion Retailer
CUS-1511700,United States,Retail,Fashion Retailer
CUS-1442100,Taiwan,Career and Education,Education and Universities
CUS-1607850,MENA,,
CUS-1575050,Spain,Real Estate,Real Estate
CUS-783250,CEE,Retail,Cosmetics
CUS-1328050,Taiwan,Retail,Fashion Retailer
CUS-1450800,Australia,Retail,Fashion Retailer
CUS-372100,Turkey,Automotive,Automotive
CUS-1515900,Turkey,Restaurants and Delivery,Restaurants and Delivery
CUS-1493700,MENA,Transportation and Logistics,Transportation and Logistics
CUS-1494100,Turkey,Restaurants and Delivery,Restaurants and Delivery
CUS-160250,Turkey,Retail,Home Appliances
CUS-259600,Vietnam,Automotive,Automotive
CUS-1454050,Turkey,Retail,Fashion Retailer
CUS-157650,Turkey,Retail,Home and Furniture
CUS-1460000,France,Retail,Home and Furniture
CUS-1487700,MENA,Finance,"Credit, Loans and P2P"
CUS-397600,Singapore,Media and Publishing,Content Websites
CUS-401300,Turkey,B2B Commerce,B2B Commerce
CUS-927800,Turkey,Non Profit Organizations,Pharmaceuticals
CUS-552650,Japan,Retail,Entertainment and Ticketing
CUS-609850,Taiwan,Retail,Shoes
CUS-1567800,France,Retail,Fashion Retailer
CUS-1538850,United Kingdom,Retail,Jewelry and Accessories
CUS-385900,Indonesia,Finance,"Credit, Loans and P2P"
CUS-552600,Malaysia,Media and Publishing,Newspapers and Magazines
CUS-161850,Malaysia,Retail,Marketplace
CUS-1496400,CEE,Retail,Cosmetics
CUS-1441150,Turkey,Retail,Cosmetics
CUS-1577150,United States,Retail,
CUS-165050,Turkey,Travel,Airlines and Airports
CUS-1459850,Turkey,Media and Publishing,Content Websites
CUS-1560950,France,Other,Other
CUS-796350,Japan,Media and Publishing,Newspapers and Magazines
CUS-1507050,Singapore,Retail,Fashion Retailer
CUS-1507100,Singapore,Retail,Fashion Retailer
CUS-1507150,Singapore,Retail,Jewelry and Accessories
CUS-1056600,Australia,Retail,Cosmetics
CUS-1437150,Indonesia,Automotive,Automotive
CUS-1502300,Brazil,Finance,Insurance
CUS-175300,Turkey,Retail,Cosmetics
CUS-1600450,CEE,Retail,Cosmetics
CUS-1077950,CEE,Retail,Cosmetics
CUS-1077850,CEE,Retail,Cosmetics
CUS-908950,CEE,Retail,Cosmetics
CUS-1078000,CEE,Retail,Cosmetics
CUS-1515050,Turkey,Healthcare,Pharmaceuticals
CUS-1031550,Russia,Travel,Online Travel Agency (OTA)
CUS-175350,Turkey,Automotive,Automotive
CUS-1250100,MENA,Retail,Cosmetics
CUS-320250,MENA,Retail,Cosmetics
CUS-505000,MENA,Retail,Cosmetics
CUS-1272750,MENA,Retail,Cosmetics
CUS-753900,Turkey,Retail,Fashion Retailer
CUS-150550,MENA,Retail,Marketplace
CUS-277800,Turkey,Finance,Insurance
CUS-166050,Turkey,Retail,Shoes
CUS-1436600,Turkey,Finance,Insurance
CUS-1497650,Thailand,Retail,Book Retailers
CUS-162250,Malaysia,Retail,Kids Fashion
CUS-1063550,Taiwan,Retail,Cosmetics
CUS-1487650,South Cone,Retail,Animal Products
CUS-793200,United Kingdom,Other,Other
CUS-5604300,Spain,,
CUS-334000,Korea,Retail,Fashion Retailer
CUS-1019500,Vietnam,Travel,Airlines and Airports
CUS-378850,Turkey,Retail,Entertainment and Ticketing
CUS-1503950,Spain,Retail,Home and Furniture
CUS-1453650,Thailand,Media and Publishing,Newspapers and Magazines
CUS-317600,Russia,Finance,"Credit, Loans and P2P"
CUS-1598950,France,Other,Other
CUS-1201450,MENA,Restaurants and Delivery,Restaurants and Delivery
CUS-329450,Turkey,Retail,Sports
CUS-703450,Turkey,Travel,Hotels and Accommodation
CUS-703500,Turkey,Travel,Hotels and Accommodation
CUS-703400,Turkey,Travel,Hotels and Accommodation
CUS-1501200,Turkey,Retail,Entertainment and Ticketing
CUS-550150,Vietnam,Other,Other
CUS-1324000,Turkey,Retail,Home and Furniture
CUS-370200,Turkey,Retail,Construction
CUS-180400,MENA,Career and Education,Jobs and Employment
CUS-828400,Thailand,Media and Publishing,Content Websites
CUS-1281200,Indonesia,Finance,Banking
CUS-1492050,Indonesia,Finance,"Credit, Loans and P2P"
CUS-1468800,Indonesia,Finance,"Credit, Loans and P2P"
CUS-1234250,Australia,Retail,Sports
CUS-152400,CEE,Other,Other
CUS-565500,Vietnam,Automotive,Automotive
CUS-1103750,Australia,Retail,Home and Furniture
CUS-5604250,United Kingdom,,
CUS-1056650,Australia,Retail,Cosmetics
CUS-732750,Turkey,Retail,Kids Fashion
CUS-1498300,Philippines,Other,Other
CUS-1474750,MENA,Media and Publishing,Content Websites
CUS-927750,Turkey,Retail,Pharmaceuticals
CUS-1565050,Turkey,Finance,Investment
CUS-927700,Turkey,Retail,Pharmaceuticals
CUS-1573900,Brazil,Finance,Banking
CUS-1446950,MENA,Retail,Cosmetics
CUS-160200,Turkey,Retail,Home Appliances
CUS-5600750,Benelux,,
CUS-583300,Indonesia,Automotive,Automotive
CUS-1444600,Philippines,Healthcare,Hospital and Dentistry
CUS-1516850,Mexico,Retail,Fashion Retailer
CUS-1521100,Mexico,Retail,Fashion Retailer
CUS-230500,Turkey,Retail,Fashion Retailer
CUS-1088650,United Kingdom,Retail,Home and Furniture
CUS-236800,Malaysia,Travel,Hotels and Accommodation
CUS-547850,Turkey,Retail,Home and Furniture
CUS-674700,Vietnam,Travel,Online Travel Agency (OTA)
CUS-224800,Japan,Travel,Hotels and Accommodation
CUS-158900,Turkey,Retail,Fashion Retailer
CUS-1484900,Vietnam,Retail,Home and Furniture
CUS-1280200,Turkey,Retail,Kids Fashion
CUS-346400,Malaysia,Media and Publishing,Newspapers and Magazines
CUS-224850,Indonesia,Retail,Consumer Electronics
CUS-273900,CEE,Retail,Fashion Retailer
CUS-701050,MENA,Classifieds,Marketplace
CUS-156550,Turkey,Retail,Home and Furniture
CUS-547900,Turkey,Retail,Home and Furniture
CUS-1149100,Thailand,Retail,Supermarket Chains
CUS-312250,CEE,Finance,"Credit, Loans and P2P"
CUS-440800,Turkey,Automotive,Automotive
CUS-498000,Korea,Retail,Fashion Retailer
CUS-531400,Turkey,Restaurants and Delivery,Restaurants and Delivery
CUS-1509600,Turkey,Retail,Entertainment and Ticketing
CUS-165100,Turkey,Retail,Entertainment and Ticketing
CUS-199700,Turkey,Ebetting and Lottery,Ebetting and Lottery
CUS-834200,Indonesia,Career and Education,Education and Universities
CUS-1261350,Indonesia,Career and Education,Education and Universities
CUS-1568050,Indonesia,Finance,Investment
CUS-166650,Turkey,Other,Other
CUS-1517050,MENA,Retail,Fashion Retailer
CUS-234900,Turkey,Automotive,Automotive
CUS-1541700,Turkey,Finance,Investment
CUS-1539300,Turkey,Finance,Investment
CUS-1539350,Turkey,Finance,Investment
CUS-1486250,Turkey,Retail,Supermarket Chains
CUS-578400,Turkey,Retail,Supermarket Chains
CUS-1552200,Australia,Retail,Fashion Retailer
CUS-1326000,MENA,Retail,Consumer Electronics
CUS-156350,Turkey,Retail,Fashion Retailer
CUS-155350,Indonesia,Retail,Marketplace
CUS-1600300,Turkey,Retail,Construction
CUS-1449100,Turkey,Media and Publishing,Newspapers and Magazines
CUS-1588050,Malaysia,Retail,Flowers
CUS-467600,Russia,Automotive,Automotive
CUS-507000,Vietnam,Retail,Toys
CUS-155850,Turkey,Retail,Cosmetics
CUS-547550,CEE,Retail,Cosmetics
CUS-513750,CEE,Retail,Cosmetics
CUS-1552950,CEE,Retail,Cosmetics
CUS-349050,CEE,Retail,Cosmetics
CUS-1290050,Indonesia,Retail,Cosmetics
CUS-1478100,United Kingdom,Career and Education,Education and Universities
CUS-1521050,Mexico,Retail,Fashion Retailer
CUS-174350,Turkey,Retail,Shoes
CUS-1606400,Turkey,Retail,
CUS-1456350,United Kingdom,Retail,Book Retailers
CUS-1467050,MENA,Finance,"Credit, Loans and P2P"
CUS-1476450,Turkey,Transportation and Logistics,Transportation and Logistics
CUS-1476150,Turkey,Automotive,Automotive
CUS-672900,Vietnam,Retail,Fashion Retailer
CUS-1585500,Australia,Real Estate,Real Estate
CUS-739750,MENA,Transportation and Logistics,Transportation and Logistics
CUS-158850,Turkey,Retail,Fashion Retailer
CUS-1467900,United Kingdom,Retail,Fashion Retailer
CUS-1584400,Australia,Retail,Fashion Retailer
CUS-245150,Turkey,Retail,Fashion Retailer
CUS-986100,Taiwan,Retail,Pharmaceuticals
CUS-1502900,Turkey,Retail,Consumer Electronics
CUS-1441450,United Kingdom,Retail,Jewelry and Accessories
CUS-1495550,Benelux,Retail,Fashion Retailer
CUS-561350,Russia,Ebetting and Lottery,Ebetting and Lottery
CUS-153000,Russia,Retail,Jewelry and Accessories
CUS-1514550,Benelux,B2B Commerce,B2B Commerce
CUS-751350,Turkey,Retail,Fashion Retailer
CUS-1441700,Turkey,Finance,Investment
CUS-907950,Turkey,Finance,Investment
CUS-404250,MENA,Retail,Consumer Electronics
CUS-1493050,Taiwan,Retail,Fashion Retailer
CUS-166000,Turkey,Travel,Car Rentals
CUS-1494150,United Kingdom,Retail,
CUS-1456750,MENA,Retail,Home and Furniture
CUS-304350,Indonesia,Retail,Marketplace
CUS-1497800,Malaysia,Media and Publishing,Content Websites
CUS-270200,Turkey,Automotive,Automotive
CUS-1475350,Korea,Retail,Marketplace
CUS-337900,Turkey,Finance,Banking
CUS-1483500,Taiwan,Restaurants and Delivery,Restaurants and Delivery
CUS-499600,Russia,Restaurants and Delivery,Restaurants and Delivery
CUS-1485650,Thailand,Retail,Sports
CUS-1188300,Singapore,Retail,Supermarket Chains
CUS-608550,Turkey,Retail,Shoes
CUS-1580550,United States,Other,
CUS-1494000,Australia,Restaurants and Delivery,Restaurants and Delivery
CUS-1456800,United Kingdom,Retail,Fashion Retailer
CUS-1465200,Indonesia,Internet and Telecom,Internet and Telecom
CUS-734450,Turkey,Retail,Fashion Retailer
CUS-1267350,CEE,Retail,Cosmetics
CUS-1267450,CEE,Retail,Cosmetics
CUS-1267400,CEE,Retail,Cosmetics
CUS-1569700,CEE,Retail,Cosmetics
CUS-1569750,CEE,Retail,Cosmetics
CUS-1468200,Turkey,Gaming,Gaming
CUS-1535100,MENA,Restaurants and Delivery,Restaurants and Delivery
CUS-1487450,Brazil,Retail,Home and Furniture
CUS-198350,Turkey,Retail,Fashion Retailer
CUS-1464150,MENA,Other,Other
CUS-1102150,Indonesia,Career and Education,Education and Universities
CUS-1579000,Korea,Travel,Online Travel Agency (OTA)
CUS-1480550,Indonesia,Other,Other
CUS-1492200,Russia,,
CUS-1569550,United States,Automotive,Automotive
CUS-1521500,Benelux,Gaming,Gaming
CUS-503800,Turkey,Retail,Supermarket Chains
CUS-329000,Taiwan,Retail,Supermarket Chains
CUS-1437350,Turkey,Retail,Kids Fashion
CUS-1601250,Turkey,Other,Other
CUS-1460150,Brazil,Retail,Marketplace
CUS-1471550,Hong Kong,Retail,Consumer Electronics
CUS-1481850,Turkey,Retail,Consumer Electronics
CUS-1478150,Japan,Retail,Home and Furniture
CUS-476500,Malaysia,Travel,Hotels and Accommodation
CUS-343000,Turkey,Retail,Fashion Retailer
CUS-596050,Australia,Retail,Marketplace
CUS-1510950,Korea,Internet and Telecom,Internet and Telecom
CUS-591000,Vietnam,Retail,Consumer Electronics
CUS-160100,Turkey,Finance,Banking
CUS-5617700,Turkey,Automotive,Automotive
CUS-1517800,France,Other,Other
CUS-923850,Singapore,Retail,Fashion Retailer
CUS-1587550,Brazil,Real Estate,Real Estate
CUS-1466750,Taiwan,Retail,Fashion Retailer
CUS-556900,Australia,Retail,Cosmetics
CUS-1559500,South Cone,Retail,Fashion Retailer
CUS-1496900,Brazil,Retail,Fashion Retailer
CUS-879150,Turkey,B2B Commerce,B2B Commerce
CUS-1442200,Vietnam,Automotive,Automotive
CUS-1333000,Russia,Restaurants and Delivery,Restaurants and Delivery
CUS-477000,Russia,Travel,Online Travel Agency (OTA)
CUS-1471600,Hong Kong,Retail,Jewelry and Accessories
CUS-1486450,France,Retail,Shoes
CUS-290550,Korea,Retail,Fashion Retailer
CUS-1490450,Turkey,B2B Commerce,B2B Commerce
CUS-1605600,Brazil,Finance,Insurance
CUS-1458100,Thailand,Finance,Banking
CUS-165700,Turkey,Retail,Marketplace
CUS-1042500,Turkey,Retail,Home and Furniture
CUS-863700,Singapore,Internet and Telecom,Internet and Telecom
CUS-885550,Singapore,Internet and Telecom,Internet and Telecom
CUS-1607100,Benelux,,
CUS-244950,Korea,Finance,Banking
CUS-236600,Indonesia,Travel,Airlines and Airports
CUS-262450,Turkey,Automotive,Automotive
CUS-1559900,Australia,Retail,Fashion Retailer
CUS-1597400,Australia,Retail,Fashion Retailer
CUS-1436200,CEE,Other,Other
CUS-1492450,Turkey,,
CUS-1471400,Malaysia,Media and Publishing,Content Websites
CUS-1494300,France,Retail,Cosmetics
CUS-1537800,France,Retail,Cosmetics
CUS-1502700,France,Other,Other
CUS-1437050,United Kingdom,Retail,Cosmetics
CUS-1515700,France,Retail,Cosmetics
CUS-1002400,CEE,Retail,Cosmetics
CUS-1483050,South Cone,Internet and Telecom,Internet and Telecom
CUS-656700,CEE,Retail,Home and Furniture
CUS-1456600,Brazil,Finance,Investment
CUS-1500200,South Cone,Automotive,Automotive
CUS-1520250,Turkey,Media and Publishing,Content Websites
CUS-172850,Turkey,Retail,Cosmetics
CUS-424550,CEE,Retail,Cosmetics
CUS-547400,CEE,Retail,Cosmetics
CUS-1464850,CEE,Retail,Cosmetics
CUS-349150,CEE,Retail,Cosmetics
CUS-1447650,CEE,Retail,Cosmetics
CUS-1447400,CEE,Retail,Cosmetics
CUS-1553000,CEE,Retail,Cosmetics
CUS-908900,CEE,Retail,Cosmetics
CUS-1589750,Korea,Retail,Cosmetics
CUS-156100,Turkey,Media and Publishing,Content Websites
CUS-1233850,Singapore,Retail,Cosmetics
CUS-1502750,Russia,Restaurants and Delivery,Restaurants and Delivery
CUS-1497050,Turkey,Restaurants and Delivery,Restaurants and Delivery
CUS-558150,Australia,Retail,Supermarket Chains
CUS-1528600,Turkey,Retail,Fashion Retailer
CUS-1472200,Turkey,Retail,Fashion Retailer
CUS-5605550,Turkey,,
CUS-607700,Turkey,Retail,Fashion Retailer
CUS-510050,Turkey,Retail,Fashion Retailer
CUS-476700,Malaysia,Travel,Hotels and Accommodation
CUS-1490150,United States,Retail,Cosmetics
CUS-1467750,Turkey,Retail,Fashion Retailer
CUS-1552300,Australia,Retail,Fashion Retailer
CUS-552000,Russia,Retail,Fashion Retailer
CUS-1526000,Vietnam,,
CUS-843200,Australia,Retail,Fashion Retailer
CUS-1446900,MENA,Retail,Marketplace
CUS-1441050,Thailand,Retail,Consumer Electronics
CUS-1441100,Thailand,Retail,Consumer Electronics
CUS-1478350,Russia,Travel,Online Travel Agency (OTA)
CUS-950700,Turkey,Travel,Airlines and Airports
CUS-285500,Taiwan,Retail,Cosmetics
CUS-893950,Korea,Retail,Cosmetics
CUS-1053700,Australia,Retail,Fashion Retailer
CUS-1500450,Australia,Retail,Fashion Retailer
CUS-1534450,Australia,Retail,Fashion Retailer
CUS-262500,CEE,Finance,"Credit, Loans and P2P"
CUS-359950,CEE,Finance,"Credit, Loans and P2P"
CUS-360000,CEE,Finance,"Credit, Loans and P2P"
CUS-1598150,MENA,Retail,Shoes
CUS-1478800,Australia,Other,Other
CUS-1490200,MENA,Other,Other
CUS-340500,Russia,Retail,Sports
CUS-724550,Australia,Retail,Fashion Retailer
CUS-398050,CEE,Retail,Marketplace
CUS-1587000,United Kingdom,Retail,Cosmetics
CUS-1467950,United Kingdom,Retail,Fashion Retailer
CUS-1520850,Taiwan,Retail,Shoes
CUS-1532500,Korea,Other,Other
CUS-1078200,CEE,Retail,Cosmetics
CUS-1579850,Turkey,Non Profit Organizations,Non Profit Organizations
CUS-1450700,Russia,Retail,Publications
CUS-1458200,MENA,Automotive,Automotive
CUS-418850,Turkey,Retail,Fashion Retailer
CUS-1286600,Australia,Retail,Fashion Retailer
CUS-174450,Russia,Retail,Sports
CUS-1483600,Benelux,B2B Commerce,B2B Commerce
CUS-508550,United Kingdom,Retail,Fashion Retailer
CUS-444950,Indonesia,Retail,Sports
CUS-600200,Malaysia,Retail,Sports
CUS-756850,CEE,Retail,Sports
CUS-576500,Taiwan,Retail,Sports
CUS-651350,Vietnam,Retail,Sports
CUS-1165050,MENA,Retail,Sports
CUS-1554800,Turkey,Other,Other
CUS-1474700,Russia,Retail,Home and Furniture
CUS-1450550,Turkey,Other,Other
CUS-303900,CEE,Retail,Fashion Retailer
CUS-166800,Turkey,Retail,Fashion Retailer
CUS-1509500,Benelux,Retail,Fashion Retailer
CUS-1466500,France,Retail,Fashion Retailer
CUS-325050,Turkey,Retail,Fashion Retailer
CUS-1500300,South Cone,Automotive,Automotive
CUS-576050,Turkey,Healthcare,Pharmaceuticals
CUS-159200,Turkey,Retail,Shoes
CUS-1521250,United Kingdom,Retail,
CUS-1483150,Indonesia,Healthcare,Hospital and Dentistry
CUS-1337250,Vietnam,Retail,Consumer Electronics
CUS-1552350,Turkey,Restaurants and Delivery,Restaurants and Delivery
CUS-200350,Malaysia,Internet and Telecom,Internet and Telecom
CUS-1513300,MENA,Consumer Electronics,Other
CUS-1450500,MENA,Retail,Marketplace
CUS-1457450,MENA,Finance,"Credit, Loans and P2P"
CUS-1457500,MENA,Retail,Fashion Retailer
CUS-187350,Turkey,Automotive,Automotive
CUS-597900,United Kingdom,Retail,Fitness
CUS-1432700,Singapore,Restaurants and Delivery,Restaurants and Delivery
CUS-1553050,CEE,Financial Services,"Credit, Loans and P2P"
CUS-1475250,Vietnam,Retail,Fashion Retailer
CUS-159650,Turkey,Retail,Shoes
CUS-254300,Russia,Retail,Home and Furniture
CUS-606700,Turkey,Healthcare,Hospital and Dentistry
CUS-1441800,Turkey,Finance,Investment
CUS-1288650,Turkey,Media and Publishing,Content Websites
CUS-267900,Russia,Retail,Animal Products
CUS-246300,Turkey,Automotive,Automotive
CUS-1507300,Turkey,Travel,Car Rentals
CUS-151100,MENA,Retail,Jewelry and Accessories
CUS-190300,Indonesia,Finance,Banking
CUS-158700,Turkey,Restaurants and Delivery,Restaurants and Delivery
CUS-1436850,Vietnam,Restaurants and Delivery,Restaurants and Delivery
CUS-1514050,Russia,Restaurants and Delivery,Restaurants and Delivery
CUS-1499900,Turkey,Restaurants and Delivery,Restaurants and Delivery
CUS-1500400,Turkey,Restaurants and Delivery,Restaurants and Delivery
CUS-161750,Malaysia,Restaurants and Delivery,Restaurants and Delivery
CUS-1493250,Indonesia,Other,Other
CUS-1474400,Indonesia,Other,Other
CUS-1588950,Turkey,Travel,Online Travel Agency (OTA)
CUS-908150,Turkey,Retail,B2B Commerce
CUS-1471050,MENA,Finance,Investment
CUS-1542450,United States,Retail,Animal Products
CUS-197850,Turkey,Retail,Book Retailers
CUS-1473350,Turkey,Media and Publishing,Content Websites
CUS-166600,Turkey,Other,Other
CUS-1597000,United States,Automotive,Automotive
CUS-646950,MENA,Automotive,Automotive
CUS-1172350,Australia,Retail,Sports
CUS-1488800,CEE,Retail,Animal Products
CUS-1488850,CEE,Retail,Cosmetics
CUS-1531800,Turkey,,
CUS-5600650,Vietnam,,
CUS-1461300,MENA,Healthcare,Hospital and Dentistry
CUS-231100,MENA,Retail,Entertainment and Ticketing
CUS-1346850,France,Retail,Supermarket Chains
CUS-1531000,Turkey,Healthcare,Hospital and Dentistry
CUS-1483550,Turkey,Restaurants and Delivery,Restaurants and Delivery
CUS-1310400,Australia,Retail,Book Retailers
CUS-169600,Russia,Retail,Consumer Electronics
CUS-1179000,Taiwan,Retail,Fashion Retailer
CUS-1533750,Turkey,Retail,Consumer Electronics
CUS-1589600,Vietnam,Other,Other
CUS-167000,Turkey,Retail,Kids Fashion
CUS-174500,Turkey,Retail,Fashion Retailer
CUS-1461550,Taiwan,Retail,Consumer Electronics
CUS-1509200,Turkey,Retail,Jewelry and Accessories
CUS-1606650,United Kingdom,Retail,Shoes
CUS-1606700,United Kingdom,Retail,Shoes
CUS-1606750,United Kingdom,Retail,Shoes
CUS-1602000,United Kingdom,Retail,Shoes
CUS-1606800,United Kingdom,Retail,Shoes
CUS-1606850,United Kingdom,Retail,Shoes
CUS-1516100,Vietnam,Real Estate,Real Estate
CUS-1443050,Philippines,Retail,Marketplace
CUS-618050,Turkey,B2B SaaS,B2B SaaS
CUS-1509900,CEE,Retail,Book Retailers
CUS-1145350,Thailand,Career and Education,Marketplace
CUS-412200,Vietnam,Other,Other
CUS-1511400,Brazil,Retail,Consumer Electronics
CUS-1325650,Taiwan,Retail,Toys
CUS-1492100,Indonesia,Classifieds,Classifieds
CUS-157450,Turkey,Retail,Fashion Retailer
CUS-1503150,South Cone,Retail,Supermarket Chains
CUS-796400,Korea,Retail,Marketplace
CUS-1574350,Spain,Retail,Marketplace
CUS-1500900,Brazil,Retail,Consumer Electronics
CUS-1536350,Turkey,Travel,Hotels and Accommodation
CUS-1434700,Philippines,Retail,Cosmetics
CUS-166450,Turkey,Retail,Fashion Retailer
CUS-801400,Turkey,Retail,Gifts
CUS-1516700,Brazil,Classifieds,Classifieds
CUS-393100,Indonesia,Finance,"Credit, Loans and P2P"
CUS-1484950,South Cone,Retail,Supermarket Chains
CUS-1461000,South Cone,Retail,Supermarket Chains
CUS-1478200,CEE,Retail,Cosmetics
CUS-790100,CEE,Retail,Cosmetics
CUS-183550,Turkey,Real Estate,Real Estate
CUS-335100,Turkey,Real Estate,Real Estate
CUS-1461800,United Kingdom,Retail,Home and Furniture
CUS-250350,CEE,Retail,Kids Fashion
CUS-1468700,Benelux,Healthcare,Pharmaceuticals
CUS-199350,Turkey,B2B Commerce,B2B Commerce
CUS-1141400,Korea,Career and Education,Education and Universities
CUS-532950,Indonesia,Career and Education,Education and Universities
CUS-1501300,CEE,Finance,"Credit, Loans and P2P"
CUS-596350,CEE,Finance,"Credit, Loans and P2P"
CUS-879300,Turkey,Travel,Online Travel Agency (OTA)
CUS-1451650,MENA,Retail,Marketplace
CUS-561550,Turkey,Retail,Fashion Retailer
CUS-404600,Turkey,Finance,Insurance
CUS-1479700,South Cone,Retail,Fashion Retailer
CUS-155950,Turkey,Retail,Cosmetics
CUS-424400,CEE,Retail,Cosmetics
CUS-1447200,CEE,Retail,Cosmetics
CUS-1464900,CEE,Retail,Cosmetics
CUS-291550,CEE,Retail,Cosmetics
CUS-349000,CEE,Retail,Cosmetics
CUS-1091300,CEE,Retail,Cosmetics
CUS-1447250,CEE,Retail,Cosmetics
CUS-1553100,CEE,Retail,Cosmetics
CUS-417150,CEE,Retail,Cosmetics
CUS-424450,CEE,Retail,Cosmetics
CUS-197700,Russia,Retail,Cosmetics
CUS-5604950,Turkey,,
CUS-158650,Turkey,Retail,Modest Fashion
CUS-1446300,Turkey,Finance,Insurance
CUS-1157000,Malaysia,Finance,Insurance
CUS-1440050,Singapore,Finance,Insurance
CUS-739100,Korea,Retail,Cosmetics
CUS-277750,Taiwan,Retail,Consumer Electronics
CUS-1534800,Brazil,B2B Commerce,B2B Commerce
CUS-305050,Thailand,Retail,Cosmetics
CUS-1219750,Russia,Retail,Animal Products
CUS-767350,Turkey,Finance,Insurance
CUS-1509800,Turkey,Retail,Fashion Retailer
CUS-1481900,Turkey,Retail,Home and Furniture
CUS-862150,Australia,Retail,Fashion Retailer
CUS-182200,Turkey,Retail,Cosmetics
CUS-387600,Turkey,Retail,Home and Furniture
CUS-5607600,Turkey,,
CUS-165800,Turkey,Retail,Home and Furniture
CUS-175450,Turkey,Retail,Home and Furniture
CUS-1048200,Turkey,Retail,Cosmetics
CUS-1567350,Australia,Retail,Fashion Retailer
CUS-1454650,Spain,Travel,Online Travel Agency (OTA)
CUS-1465950,MENA,Classifieds,Classifieds
CUS-630600,Singapore,Media and Publishing,Content Websites
CUS-1460200,Brazil,Retail,Marketplace
CUS-639900,Turkey,Retail,Fashion Retailer
CUS-812150,MENA,Retail,Jewelry and Accessories
CUS-1456450,Taiwan,Retail,Marketplace
CUS-316600,Indonesia,Retail,Home and Furniture
CUS-1463800,Benelux,Retail,Cosmetics
CUS-439300,Vietnam,Retail,Animal Products
CUS-851200,Singapore,Retail,Supermarket Chains
CUS-1507250,Taiwan,Retail,Marketplace
CUS-1531100,Brazil,Retail,Fashion Retailer
CUS-1485050,South Cone,Retail,Cosmetics
CUS-161800,Malaysia,Retail,Fashion Retailer
CUS-1551650,Korea,Career and Education,Education and Universities
CUS-1441600,MENA,Automotive,Automotive
CUS-1147000,Japan,Retail,Jewelry and Accessories
CUS-1482300,United Kingdom,Retail,Fashion Retailer
CUS-1597050,United States,Automotive,Automotive
CUS-1597100,United States,Automotive,Automotive
CUS-166550,Turkey,Automotive,Automotive
CUS-1516350,Turkey,Automotive,Automotive
CUS-1468750,Indonesia,Finance,"Credit, Loans and P2P"
CUS-1285150,Indonesia,Finance,"Credit, Loans and P2P"
CUS-1434650,CEE,Retail,Supermarket Chains
CUS-788050,Taiwan,Retail,Fashion Retailer
CUS-5603050,Russia,,
CUS-1455700,Hong Kong,Healthcare,Hospital and Dentistry
CUS-1560900,Turkey,Finance,Investment
CUS-775950,CEE,Retail,Entertainment and Ticketing
CUS-1442050,Malaysia,Travel,Airlines and Airports
CUS-785300,CEE,Retail,Sports
CUS-288000,Turkey,Retail,Sports
CUS-335450,Turkey,Restaurants and Delivery,Restaurants and Delivery
CUS-1444650,Philippines,Healthcare,Hospital and Dentistry
CUS-1553850,United States,Other,
CUS-1441000,Turkey,Healthcare,Hospital and Dentistry
CUS-157800,Turkey,Retail,Cosmetics
CUS-316250,MENA,Travel,Airlines and Airports
CUS-514100,Malaysia,Media and Publishing,Content Websites
CUS-557550,MENA,Travel,Online Travel Agency (OTA)
CUS-589000,Malaysia,Media and Publishing,Content Websites
CUS-414650,MENA,Retail,Gifts
CUS-738700,Australia,Retail,Supermarket Chains
CUS-804100,Taiwan,Retail,Fashion Retailer
CUS-644400,Indonesia,Restaurants and Delivery,Restaurants and Delivery
CUS-915650,Taiwan,Retail,Cosmetics
CUS-156150,Turkey,Retail,Fashion Retailer
CUS-796050,Australia,Retail,Fashion Retailer
CUS-1460350,Australia,Retail,Fashion Retailer
CUS-862100,Australia,Retail,Fashion Retailer
CUS-1124350,Australia,Retail,Fashion Retailer
CUS-1430200,United Kingdom,Retail,Fashion Retailer
CUS-714600,Hong Kong,Retail,Consumer Electronics
CUS-1427700,Spain,Retail,Sports
CUS-1546750,United States,Retail,Marketplace
CUS-1441400,Spain,Retail,Sports
CUS-679600,Turkey,Media and Publishing,Content Websites
CUS-1449200,Australia,Internet and Telecom,Internet and Telecom
CUS-205900,Turkey,Media and Publishing,Content Websites
CUS-185300,Vietnam,Retail,Consumer Electronics
CUS-1510400,Japan,Retail,Home and Furniture
CUS-1516250,Australia,Retail,Home and Furniture
CUS-5599400,Australia,,
CUS-5603000,Korea,,
CUS-1481950,South Cone,Retail,Supermarket Chains
CUS-1171350,Taiwan,Retail,Marketplace
CUS-1470150,Turkey,Restaurants and Delivery,Restaurants and Delivery
CUS-754150,CEE,Retail,Cosmetics
CUS-1502000,Turkey,Retail,Gifts
CUS-927650,Turkey,Retail,Gifts
CUS-1559650,Taiwan,Career and Education,Education and Universities
CUS-542800,Turkey,Real Estate,Real Estate
CUS-557000,Thailand,Finance,Insurance
CUS-1507950,Vietnam,Restaurants and Delivery,Restaurants and Delivery
CUS-152800,CEE,Gaming,Gaming
CUS-1476100,South Cone,Automotive,Automotive
CUS-1538950,Benelux,,
CUS-1605450,Taiwan,Other,Other
CUS-1525900,Mexico,Retail,Home and Furniture
CUS-1510350,Indonesia,Other,Other
CUS-755350,Vietnam,Retail,Jewelry and Accessories
CUS-1450450,MENA,Retail,Consumer Electronics
CUS-476800,Turkey,Gaming,Gaming
CUS-201850,Turkey,Retail,Fashion Retailer
CUS-1530500,Turkey,Other,Other
CUS-270350,Turkey,Travel,Car Rentals
CUS-285550,Turkey,Travel,Car Rentals
CUS-270850,Turkey,Automotive,Automotive
CUS-200600,CEE,Other,Other
CUS-1528200,France,Retail,Home and Furniture
CUS-490450,Turkey,Finance,Investment
CUS-1446250,Australia,Retail,Fashion Retailer
CUS-1499800,Vietnam,Finance,Banking
CUS-643900,Turkey,Finance,Insurance
CUS-155700,Turkey,Internet and Telecom,Consumer Electronics
CUS-1514950,Turkey,Retail,Fashion Retailer
CUS-1467200,South Cone,Real Estate,Real Estate
CUS-1484400,Brazil,Finance,Banking
CUS-278850,Turkey,Travel,Hotels and Accommodation
CUS-250400,CEE,Retail,Shoes
CUS-5607950,France,,
CUS-1546550,Turkey,Retail,Fashion Retailer
CUS-1441850,Turkey,Finance,Investment
CUS-1441900,Turkey,Finance,Investment
CUS-1567500,MENA,Retail,Cosmetics
CUS-1442000,Turkey,Finance,Investment
CUS-1567550,MENA,Retail,Cosmetics
CUS-763850,Australia,Retail,Home and Furniture
CUS-1505950,Australia,Retail,Home and Furniture
CUS-1437100,Australia,Retail,Home and Furniture
CUS-1528050,Turkey,Retail,Fashion Retailer
CUS-1536050,Australia,Retail,Fashion Retailer
CUS-1469150,Singapore,Retail,Fashion Retailer
CUS-1461150,Benelux,Retail,Consumer Electronics
CUS-1586900,Turkey,Automotive,Automotive
CUS-1198150,Taiwan,Retail,Consumer Electronics
CUS-459900,CEE,Retail,Fashion Retailer
CUS-1470900,Turkey,Retail,Fashion Retailer
CUS-1235500,Turkey,Restaurants and Delivery,Restaurants and Delivery
CUS-591550,Turkey,Automotive,Automotive
CUS-315700,Indonesia,Retail,Book Retailers
CUS-1510150,Indonesia,Retail,Marketplace
CUS-1471300,Indonesia,Retail,Book Retailers
CUS-1508200,Indonesia,Retail,Marketplace
CUS-1479850,Taiwan,Healthcare,Pharmaceuticals
CUS-1455100,Turkey,Retail,Cosmetics
CUS-1493800,Australia,Retail,Consumer Electronics
CUS-1446500,Taiwan,Retail,Supermarket Chains
CUS-1469300,Spain,Retail,Sports
CUS-1513900,Australia,Retail,Home and Furniture
CUS-158600,Turkey,Finance,Banking
CUS-1458750,Russia,Retail,Consumer Electronics
CUS-1551900,Spain,Retail,Gardening
CUS-1529450,Turkey,Retail,Sports
CUS-287300,Korea,Healthcare,Hospital and Dentistry
CUS-1597250,Vietnam,Retail,Cosmetics
CUS-1459400,Turkey,Retail,Jewelry and Accessories
CUS-1559700,Turkey,Consumer Electronics,
CUS-469700,Taiwan,Retail,Fashion Retailer
CUS-1478950,Turkey,Media and Publishing,Newspapers and Magazines
CUS-264250,Turkey,Media and Publishing,Sports
CUS-1477950,Turkey,Other,Other
CUS-1560200,Turkey,Retail,Home and Furniture
CUS-1477650,Turkey,Retail,Gifts
CUS-1544450,Taiwan,Other,Other
CUS-340450,Japan,Retail,Fashion Retailer
CUS-960300,Japan,Retail,Gifts
CUS-361450,Korea,Healthcare,Pharmaceuticals
CUS-1559100,Australia,Retail,Home and Furniture
CUS-1146150,Indonesia,Career and Education,Education and Universities
CUS-589150,Turkey,Media and Publishing,Newspapers and Magazines
CUS-294600,Singapore,Retail,Consumer Electronics
CUS-309800,Turkey,Retail,Fashion Retailer
CUS-457850,Turkey,Finance,"Credit, Loans and P2P"
CUS-1525450,Taiwan,Real Estate,Real Estate
CUS-1520950,MENA,Retail,Animal Products
CUS-596250,Australia,Healthcare,Hospital and Dentistry
CUS-1446450,Turkey,Travel,Car Rentals
CUS-954600,United Kingdom,Retail,Fashion Retailer
CUS-1510850,Hong Kong,Retail,Cosmetics
CUS-1203300,Vietnam,Classifieds,Classifieds
CUS-635550,CEE,Finance,"Credit, Loans and P2P"
CUS-1530900,Spain,Finance,Insurance
CUS-1486400,Taiwan,Retail,Marketplace
CUS-159900,Turkey,Retail,Marketplace
CUS-1488100,Taiwan,Other,Other
CUS-1440700,Australia,Retail,Cosmetics
CUS-1441650,MENA,Automotive,Automotive
CUS-1490250,MENA,Other,Other
CUS-1502950,Vietnam,Restaurants and Delivery,Restaurants and Delivery
CUS-335900,Russia,Retail,Consumer Electronics
CUS-1449000,Russia,Retail,Consumer Electronics
CUS-1449050,Russia,Retail,Consumer Electronics
CUS-1451300,Russia,Retail,Consumer Electronics
CUS-174550,Indonesia,Retail,Fashion Retailer
CUS-1499500,Indonesia,Finance,Banking
CUS-185850,Indonesia,Retail,Fashion Retailer
CUS-436250,Turkey,Travel,Hotels and Accommodation
CUS-162100,Singapore,Retail,Home and Furniture
CUS-923750,Thailand,Other,Other
CUS-863400,Vietnam,Retail,Fashion Retailer
CUS-1524000,Turkey,Healthcare,Hospital and Dentistry
CUS-1080950,Turkey,Retail,Jewelry and Accessories
CUS-338700,Malaysia,Media and Publishing,Newspapers and Magazines
CUS-1429300,Singapore,Real Estate,Real Estate
CUS-1473900,Vietnam,Automotive,Consumer Electronics
CUS-176550,MENA,Travel,Online Travel Agency (OTA)
CUS-1465050,Hong Kong,Other,Other
CUS-477600,Vietnam,Retail,Consumer Electronics
CUS-292700,Indonesia,Finance,"Credit, Loans and P2P"
CUS-534950,Vietnam,Classifieds,Classifieds
CUS-834400,Russia,Retail,Home and Furniture
CUS-537550,Thailand,Retail,Consumer Electronics
CUS-1490900,MENA,Retail,
CUS-1456400,MENA,Retail,Home and Furniture
CUS-463400,MENA,Automotive,Automotive
CUS-1179250,Russia,Retail,Consumer Electronics
CUS-1457200,Vietnam,Real Estate,Real Estate
CUS-1474350,Brazil,Retail,Fashion Retailer
CUS-1468600,United Kingdom,Retail,Cosmetics
CUS-1488150,Taiwan,Other,Other
CUS-514050,Malaysia,Media and Publishing,Content Websites
CUS-362300,Turkey,Retail,Shoes
CUS-1336650,Malaysia,Internet and Telecom,Internet and Telecom
CUS-1495450,Taiwan,Real Estate,Real Estate
CUS-855400,Australia,Retail,Pharmaceuticals
CUS-1560750,Taiwan,Real Estate,Real Estate
CUS-692150,Australia,Retail,Consumer Electronics
CUS-1186150,Taiwan,Restaurants and Delivery,Restaurants and Delivery
CUS-502250,Russia,Retail,Consumer Electronics
CUS-1189650,Turkey,Retail,Sports
CUS-1512050,Benelux,Retail,Fashion Retailer
CUS-1352350,Benelux,Retail,Fashion Retailer
CUS-1352250,Benelux,Retail,Fashion Retailer
CUS-1477750,Benelux,Retail,Fashion Retailer
CUS-1129750,Benelux,Retail,Fashion Retailer
CUS-1352450,Benelux,Retail,Fashion Retailer
CUS-1477500,Benelux,Retail,Fashion Retailer
CUS-1477850,Benelux,Retail,Fashion Retailer
CUS-1352400,Benelux,Retail,Fashion Retailer
CUS-1477550,Benelux,Retail,Fashion Retailer
CUS-160350,Turkey,Media and Publishing,Newspapers and Magazines
CUS-158550,Turkey,Real Estate,Real Estate
CUS-1585900,Australia,Retail,Fashion Retailer
CUS-1172200,Australia,Retail,Sports
CUS-1456250,Australia,Retail,Fashion Retailer
CUS-1489600,United Kingdom,Finance,
CUS-667900,Indonesia,Retail,Supermarket Chains
CUS-208300,Turkey,Automotive,Automotive
CUS-645900,Japan,Retail,Fashion Retailer
CUS-1429750,Spain,Retail,Sports
CUS-1487350,Benelux,Retail,Consumer Electronics
CUS-1174050,Benelux,Retail,Consumer Electronics
CUS-1162550,Benelux,Retail,Consumer Electronics
CUS-1174150,Benelux,Retail,Consumer Electronics
CUS-1521600,Benelux,Retail,Consumer Electronics
CUS-1430500,MENA,Retail,Cosmetics
CUS-1442750,Vietnam,B2B Commerce,B2B Commerce
CUS-1438550,Benelux,Retail,Cosmetics
CUS-1521400,Benelux,Retail,Cosmetics
CUS-1442600,Benelux,Retail,Cosmetics
CUS-764550,United Kingdom,Retail,Home and Furniture
CUS-200300,Turkey,Retail,Book Retailers
CUS-743950,Indonesia,Media and Publishing,Newspapers and Magazines
CUS-1293350,CEE,Retail,Consumer Electronics
CUS-351800,Turkey,Retail,Home and Furniture
CUS-1474600,MENA,Retail,Home and Furniture
CUS-1558100,MENA,Retail,Home and Furniture
CUS-1466150,MENA,Retail,Home and Furniture
CUS-606300,Russia,Retail,Home and Furniture
CUS-1252550,MENA,Retail,Home and Furniture
CUS-270250,Turkey,Automotive,Automotive
CUS-322450,Russia,Retail,Cosmetics
CUS-634000,Turkey,Retail,Publications
CUS-753450,Malaysia,Retail,Modest Fashion
CUS-1470750,Benelux,Retail,Gardening
CUS-1520150,Spain,Financial Services,
CUS-396600,Turkey,Retail,Shoes
CUS-1520200,Singapore,Restaurants and Delivery,Restaurants and Delivery
CUS-1509950,Vietnam,Retail,Home and Furniture
CUS-519900,Thailand,Retail,Home and Furniture
CUS-152200,CEE,Internet and Telecom,Internet and Telecom
CUS-490200,Turkey,Finance,Banking
CUS-1488500,Thailand,Media and Publishing,Content Websites
CUS-1056750,Australia,Retail,Cosmetics
CUS-758650,Turkey,Finance,Banking
CUS-1570150,Brazil,Retail,Fashion Retailer
CUS-1513450,Singapore,Finance,Banking
CUS-1542650,France,Other,Other
CUS-1545200,France,Retail,Animal Products
CUS-1457100,Turkey,Retail,Sports
CUS-157600,Turkey,Finance,Banking
CUS-1461950,Russia,Healthcare,Hospital and Dentistry
CUS-166250,Turkey,Retail,Fashion Retailer
CUS-1520700,Brazil,Career and Education,Education and Universities
CUS-1469700,Russia,Retail,Consumer Electronics
CUS-494000,Russia,Retail,Consumer Electronics
CUS-1501150,Taiwan,Retail,Cosmetics
CUS-154050,Russia,Media and Publishing,Content Websites
CUS-1482250,Singapore,Restaurants and Delivery,Restaurants and Delivery
CUS-1483100,Singapore,Retail,Gifts
CUS-386800,Turkey,Media and Publishing,Newspapers and Magazines
CUS-1480850,CEE,Retail,Home and Furniture
CUS-1463200,Korea,Retail,Cosmetics
CUS-1501700,Turkey,Retail,Marketplace
CUS-1472300,Indonesia,Retail,Marketplace
CUS-177450,Turkey,Finance,"Credit, Loans and P2P"
CUS-362250,Russia,Classifieds,Classifieds
CUS-1158750,France,Retail,Fashion Retailer
CUS-1501250,Turkey,Retail,Fashion Retailer
CUS-151050,MENA,Retail,Book Retailers
CUS-151150,MENA,Retail,Consumer Electronics
CUS-778300,MENA,Retail,Consumer Electronics
CUS-1595650,Australia,Automotive,Automotive
CUS-543000,United Kingdom,Retail,Consumer Electronics
CUS-542900,United Kingdom,Retail,Consumer Electronics
CUS-542950,United Kingdom,Retail,Consumer Electronics
CUS-542850,United Kingdom,Retail,Consumer Electronics
CUS-1478550,Benelux,Retail,Fashion Retailer
CUS-1607250,France,,
CUS-1446550,United Kingdom,Travel,Online Travel Agency (OTA)
CUS-1562300,United Kingdom,Retail,Supermarket Chains
CUS-162200,Malaysia,Career and Education,Jobs and Employment
CUS-1146250,Philippines,Career and Education,Jobs and Employment
CUS-1414950,Vietnam,Retail,Fashion Retailer
CUS-1462300,MENA,Retail,Fashion Retailer
CUS-151550,MENA,Retail,Gifts
CUS-314750,Turkey,Retail,Kids Fashion
CUS-157550,Turkey,Travel,Online Travel Agency (OTA)
CUS-417250,CEE,Retail,Cosmetics
CUS-316700,Turkey,Retail,Fashion Retailer
CUS-418100,Japan,Retail,Toys
CUS-1305500,Indonesia,Classifieds,Classifieds
CUS-1471700,Malaysia,Media and Publishing,Content Websites
CUS-609750,Turkey,Retail,Fitness
CUS-404400,CEE,Retail,Home and Furniture
CUS-1585950,Australia,Retail,Fashion Retailer
CUS-253750,Vietnam,Retail,Shoes
CUS-1521650,Benelux,Restaurants and Delivery,Restaurants and Delivery
CUS-533750,United Kingdom,Retail,Cosmetics
CUS-1526150,Vietnam,Retail,Home and Furniture
CUS-610450,Turkey,Media and Publishing,Content Websites
CUS-1528400,MENA,Media and Publishing,Content Websites
CUS-241450,Turkey,Restaurants and Delivery,Restaurants and Delivery
CUS-746700,Indonesia,B2B Commerce,Pharmaceuticals
CUS-1559850,Turkey,Retail,Home and Furniture
CUS-586750,Turkey,Retail,Gardening
CUS-155800,Turkey,Media and Publishing,Content Websites
CUS-1551150,Turkey,Finance,Banking
CUS-1524100,Turkey,Retail,Home Appliances
CUS-5600500,Turkey,,
CUS-998500,Turkey,Retail,Fashion Retailer
CUS-1490600,United Kingdom,Real Estate,Real Estate
CUS-1525550,Turkey,Retail,Home Appliances
CUS-362050,Turkey,Career and Education,Jobs and Employment
CUS-1543200,Turkey,Media and Publishing,Content Websites
CUS-157500,Turkey,Retail,Sports
CUS-1462050,Turkey,Retail,Fashion Retailer
CUS-777900,CEE,Retail,Supermarket Chains
CUS-1577050,Brazil,Automotive,Automotive
CUS-639450,Spain,Retail,Home and Furniture
CUS-1553650,Turkey,Retail,Fashion Retailer
CUS-229900,MENA,Restaurants and Delivery,Restaurants and Delivery
CUS-683100,MENA,Restaurants and Delivery,Restaurants and Delivery
CUS-633500,Russia,Retail,Restaurants and Delivery
CUS-571400,Turkey,Retail,Jewelry and Accessories
CUS-1496700,Spain,Retail,Home and Furniture
CUS-376750,Korea,Travel,Hotels and Accommodation
CUS-1567600,MENA,Retail,Cosmetics
CUS-304750,Turkey,Restaurants and Delivery,Restaurants and Delivery
CUS-1166050,Hong Kong,Restaurants and Delivery,Restaurants and Delivery
CUS-1444300,Taiwan,Restaurants and Delivery,Restaurants and Delivery
CUS-806850,CEE,Restaurants and Delivery,Restaurants and Delivery
CUS-807100,CEE,Restaurants and Delivery,Restaurants and Delivery
CUS-152050,CEE,Restaurants and Delivery,Restaurants and Delivery
CUS-1508250,Indonesia,Retail,Book Retailers
CUS-1510050,Indonesia,Media and Publishing,Newspapers and Magazines
CUS-1510100,Indonesia,Media and Publishing,Newspapers and Magazines
CUS-1165300,Japan,Healthcare,Pharmaceuticals
CUS-199600,MENA,Media and Publishing,Newspapers and Magazines
CUS-1536300,MENA,Finance,Investment
CUS-1445600,Vietnam,Retail,Home and Furniture
CUS-1537400,Turkey,Automotive,Automotive
CUS-1549400,Taiwan,Retail,Fashion Retailer
CUS-1206000,Turkey,Retail,Book Retailers
CUS-1543250,Turkey,Other,Other
CUS-704850,Vietnam,Retail,Kids Fashion
CUS-1487750,Hong Kong,Retail,Cosmetics
CUS-1453950,Malaysia,Retail,Cosmetics
CUS-221850,CEE,Retail,Cosmetics
CUS-1052100,Korea,Retail,Cosmetics
CUS-158500,Turkey,Retail,Cosmetics
CUS-1584050,United States,Retail,
CUS-907250,Vietnam,Healthcare,Hospital and Dentistry
CUS-895150,Thailand,Retail,Marketplace
CUS-627000,Taiwan,Retail,Book Retailers
CUS-1570200,Mexico,Retail,Fashion Retailer
CUS-954250,Turkey,Retail,Book Retailers
CUS-1450850,South Cone,Retail,Home and Furniture
CUS-1482700,United States,Restaurants and Delivery,Restaurants and Delivery
CUS-680600,Australia,Retail,Home and Furniture
CUS-1479950,MENA,Restaurants and Delivery,Restaurants and Delivery
CUS-300950,Taiwan,Travel,Online Travel Agency (OTA)
CUS-851850,Vietnam,Retail,Fashion Retailer
CUS-579150,Indonesia,Retail,Supermarket Chains
CUS-372400,Indonesia,Media and Publishing,Content Websites
CUS-1506700,Indonesia,Healthcare,Hospital and Dentistry
CUS-1518200,MENA,Retail,Cosmetics
CUS-264050,Hong Kong,Travel,Online Travel Agency (OTA)
CUS-1281350,Philippines,Real Estate,Real Estate
CUS-160550,Turkey,Retail,Construction
CUS-574650,Indonesia,Finance,"Credit, Loans and P2P"
CUS-338100,Indonesia,Media and Publishing,Content Websites
CUS-1559150,Australia,Retail,Home and Furniture
CUS-159300,Turkey,Retail,Sports
CUS-1459950,Turkey,Retail,Cosmetics
CUS-1471750,Malaysia,Media and Publishing,Content Websites
CUS-5605750,Turkey,Retail,Fashion Retailer
CUS-1484500,United Kingdom,Retail,Consumer Electronics
CUS-831150,Russia,Retail,Home and Furniture
CUS-1554050,Vietnam,Retail,Fashion Retailer
CUS-166150,Turkey,Retail,Cosmetics
CUS-1558000,Benelux,Internet and Telecom,Internet and Telecom
CUS-1568150,Korea,Retail,Sports
CUS-1472600,Singapore,Retail,Fashion Retailer
CUS-1430600,Philippines,Internet and Telecom,Internet and Telecom
CUS-240400,Russia,Retail,Fashion Retailer
CUS-924350,Turkey,Retail,Fashion Retailer
CUS-1520050,Turkey,Retail,Fashion Retailer
CUS-166700,Turkey,Finance,Banking
CUS-602800,Japan,Retail,Fashion Retailer
CUS-1347050,France,Retail,Home and Furniture
CUS-1455650,Spain,Retail,Fashion Retailer
CUS-1450750,Spain,Retail,Consumer Electronics
CUS-201750,Turkey,Retail,Fashion Retailer
CUS-856700,CEE,Retail,Cosmetics
CUS-254800,Russia,Restaurants and Delivery,Restaurants and Delivery
CUS-1078150,CEE,Retail,Cosmetics
CUS-1078100,CEE,Retail,Cosmetics
CUS-175950,Russia,Retail,Home and Furniture
CUS-295550,Turkey,Retail,Cosmetics
CUS-1470700,Indonesia,Retail,Cosmetics
CUS-1607700,Malaysia,Retail,Cosmetics
CUS-1052000,Korea,Retail,Cosmetics
CUS-470900,Thailand,Retail,Cosmetics
CUS-1474650,Turkey,Automotive,Automotive
CUS-1449800,Korea,Retail,Cosmetics
CUS-1068750,Korea,Retail,Cosmetics
CUS-1475750,Benelux,Retail,Marketplace
CUS-597950,Turkey,Retail,Fashion Retailer
CUS-1599300,Philippines,Other,Other
CUS-1472650,Indonesia,Retail,Marketplace
CUS-1205200,Philippines,Other,Other
CUS-1473300,MENA,Retail,Jewelry and Accessories
CUS-1438700,Turkey,Retail,Fashion Retailer
CUS-1440250,Turkey,Retail,Fashion Retailer
CUS-160150,Turkey,Retail,Fashion Retailer
CUS-1134350,Turkey,Retail,Fashion Retailer
CUS-1558200,United Kingdom,Retail,Home Appliances
CUS-1558250,United Kingdom,Retail,Home Appliances
CUS-1558300,United Kingdom,Retail,Home Appliances
CUS-1558400,United Kingdom,Retail,Home Appliances
CUS-1558450,United Kingdom,Retail,Home Appliances
CUS-1558550,United Kingdom,Retail,Home Appliances
CUS-1558600,United Kingdom,Retail,Home Appliances
CUS-1558650,United Kingdom,Retail,Home Appliances
CUS-1558750,United Kingdom,Retail,Home Appliances
CUS-1558800,United Kingdom,Retail,Home Appliances
CUS-1559600,United Kingdom,Retail,Home Appliances
CUS-1558900,United Kingdom,Retail,Home Appliances
CUS-1558950,United Kingdom,Retail,Home Appliances
CUS-1535750,United Kingdom,Retail,Home Appliances
CUS-1480300,MENA,Finance,Insurance
CUS-1463500,Vietnam,Other,Other
CUS-537150,Vietnam,Retail,Other
CUS-896100,Vietnam,Internet and Telecom,Fashion Retailer
CUS-1450100,MENA,Retail,Toys
CUS-372600,Indonesia,Retail,Supermarket Chains
CUS-1040600,Singapore,Retail,Consumer Electronics
CUS-1025800,MENA,Retail,Consumer Electronics
CUS-792350,Singapore,Retail,Consumer Electronics
CUS-1444500,Australia,Retail,Consumer Electronics
CUS-711000,Singapore,Retail,Consumer Electronics
CUS-1047150,Singapore,Retail,Consumer Electronics
CUS-832650,Singapore,Retail,Consumer Electronics
CUS-165650,Turkey,Healthcare,Pharmaceuticals
CUS-1489750,Brazil,Retail,Home and Furniture
CUS-332050,CEE,Retail,Home and Furniture
CUS-292450,Turkey,Retail,Sports
CUS-1564700,Turkey,Retail,Sports
CUS-1482950,Spain,Travel,Airlines and Airports
CUS-1554550,Indonesia,Retail,Fashion Retailer
CUS-1600250,Taiwan,Retail,Fashion Retailer
CUS-519500,Thailand,Retail,Fashion Retailer
CUS-1262600,Turkey,Retail,Fashion Retailer
CUS-157750,Turkey,Automotive,Automotive
CUS-463450,MENA,Automotive,Automotive
CUS-1520300,Korea,Finance,"Credit, Loans and P2P"
CUS-189700,Turkey,Retail,Consumer Electronics
CUS-1469200,Taiwan,Retail,Home and Furniture
CUS-781400,MENA,Retail,Marketplace
CUS-1492600,Malaysia,Retail,Fashion Retailer
CUS-1525000,Taiwan,Retail,Fashion Retailer
CUS-423950,Korea,Healthcare,Hospital and Dentistry
CUS-1572850,Turkey,Retail,Cosmetics
CUS-156650,Turkey,Retail,Home and Furniture
CUS-1536400,Indonesia,Transportation and Logistics,Transportation and Logistics
CUS-271500,Taiwan,Travel,Online Travel Agency (OTA)
CUS-1467600,United Kingdom,,
CUS-548200,CEE,Retail,Book Retailers
CUS-314850,Turkey,Restaurants and Delivery,Restaurants and Delivery
CUS-1484250,Turkey,Healthcare,Hospital and Dentistry
CUS-1011600,Turkey,Other,Other
CUS-814900,Indonesia,Retail,Others
CUS-555350,Turkey,Retail,Fashion Retailer
CUS-1524250,Turkey,Retail,Home and Furniture
CUS-1525950,Russia,Transportation and Logistics,Transportation and Logistics
CUS-812200,Turkey,Internet and Telecom,Internet and Telecom
CUS-1574100,Brazil,Retail,Marketplace
CUS-5604900,Brazil,,
CUS-1503300,Turkey,,Kids Fashion
CUS-1478050,Singapore,Retail,Cosmetics
CUS-1457050,United Kingdom,Retail,Cosmetics
CUS-1466200,Indonesia,Retail,Cosmetics
CUS-1449350,France,Retail,Cosmetics
CUS-820800,CEE,Retail,Cosmetics
CUS-1585050,Taiwan,,
CUS-1006000,Korea,Retail,Cosmetics
CUS-242750,Vietnam,Retail,Supermarket Chains
CUS-244800,Korea,Travel,Hotels and Accommodation
CUS-695600,Korea,Retail,Marketplace
CUS-1486900,France,Retail,Shoes
CUS-1487100,France,Retail,Shoes
CUS-1486950,France,Retail,Animal Products
CUS-1487000,France,Retail,Shoes
CUS-1032150,Turkey,Travel,Airlines and Airports
CUS-316200,Turkey,Retail,Jewelry and Accessories
CUS-479050,Indonesia,Retail,Fashion Retailer
CUS-1169900,Singapore,Retail,Cosmetics
CUS-153450,Russia,Retail,Fashion Retailer
CUS-1469800,Taiwan,Retail,Home and Furniture
CUS-484400,Thailand,Real Estate,Real Estate
CUS-613000,Vietnam,Retail,Fashion Retailer
CUS-1468250,Turkey,Retail,Fashion Retailer
CUS-156000,Turkey,Retail,Cosmetics
CUS-424350,CEE,Retail,Cosmetics
CUS-547450,CEE,Retail,Cosmetics
CUS-1293150,CEE,Retail,Cosmetics
CUS-1447350,CEE,Retail,Cosmetics
CUS-1447450,CEE,Retail,Cosmetics
CUS-513800,CEE,Retail,Cosmetics
CUS-291650,CEE,Retail,Cosmetics
CUS-1091250,CEE,Retail,Cosmetics
CUS-417200,CEE,Retail,Cosmetics
CUS-424300,CEE,Retail,Cosmetics
CUS-1485800,CEE,Retail,Cosmetics
CUS-937700,Australia,Retail,Cosmetics
CUS-462250,MENA,Retail,Cosmetics
CUS-259200,Turkey,Retail,Home and Furniture
CUS-1446600,Brazil,Retail,Home and Furniture
CUS-5602550,MENA,,
CUS-1501050,MENA,Retail,Fashion Retailer
CUS-1488650,Thailand,Retail,Entertainment and Ticketing
CUS-1503700,Singapore,Retail,
CUS-803200,CEE,Retail,Office Products
CUS-1506350,Benelux,Retail,Supermarket Chains
CUS-1160900,MENA,Retail,Marketplace
CUS-158350,Turkey,Media and Publishing,Content Websites
CUS-1459700,France,Other,Other
CUS-1444550,United Kingdom,Retail,Shoes
CUS-260600,Turkey,Automotive,Automotive
CUS-1437250,France,Retail,Marketplace
CUS-768850,Indonesia,Retail,Fashion Retailer
CUS-1464200,Vietnam,Retail,Fashion Retailer
CUS-1496100,CEE,Retail,Cosmetics
CUS-1496150,CEE,Retail,Cosmetics
CUS-1496200,CEE,Retail,Cosmetics
CUS-1496350,CEE,Retail,Cosmetics
CUS-1493150,CEE,Retail,Cosmetics
CUS-1496750,CEE,Retail,Cosmetics
CUS-998550,Turkey,Retail,Supermarket Chains
CUS-1530650,Turkey,Retail,Other
CUS-640000,Turkey,Retail,Fashion Retailer
CUS-1552800,United Kingdom,Fashion,Fashion Retailer
CUS-271550,CEE,Retail,Sports
CUS-1468300,Turkey,Automotive,Automotive
CUS-1471800,Malaysia,Media and Publishing,Content Websites
CUS-1480050,CEE,Retail,Home and Furniture
CUS-1440950,France,Retail,Jewelry and Accessories
CUS-158250,Turkey,Retail,Fashion Retailer
CUS-319550,Turkey,Retail,Fashion Retailer
CUS-955850,Russia,Retail,Fashion Retailer
CUS-319450,Turkey,Retail,Fashion Retailer
CUS-292000,Russia,Retail,Home and Furniture
CUS-515000,Malaysia,Retail,Fashion Retailer
CUS-1453750,Malaysia,Internet and Telecom,Internet and Telecom
CUS-1283250,Malaysia,Internet and Telecom,Internet and Telecom
CUS-1464100,Vietnam,Finance,Banking
CUS-155500,Turkey,Restaurants and Delivery,Restaurants and Delivery
CUS-1500700,Turkey,Restaurants and Delivery,Restaurants and Delivery
CUS-1486000,CEE,Retail,Cosmetics
CUS-1482400,United Kingdom,Media and Publishing,Content Websites
CUS-1520750,Brazil,Career and Education,Education and Universities
CUS-1443200,Vietnam,Retail,Consumer Electronics
CUS-160000,Turkey,Retail,Consumer Electronics
CUS-169100,CEE,Retail,Consumer Electronics
CUS-153500,Russia,Retail,Consumer Electronics
CUS-1435350,Malaysia,Media and Publishing,Content Websites
CUS-1497950,Malaysia,Media and Publishing,Content Websites
CUS-330400,Turkey,Healthcare,Hospital and Dentistry
CUS-1495850,Benelux,Retail,Animal Products
CUS-1495900,Benelux,Retail,Animal Products
CUS-1483450,Benelux,Retail,Animal Products
CUS-5603950,Benelux,,
CUS-5604000,Benelux,,
CUS-5603900,Benelux,,
CUS-5603850,Benelux,,
CUS-1487950,Taiwan,Other,Other
CUS-5605850,Taiwan,,
CUS-1552750,Turkey,Retail,Cosmetics
CUS-362650,Japan,Retail,Cosmetics
CUS-1285450,Hong Kong,Retail,Cosmetics
CUS-156850,Turkey,Restaurants and Delivery,Restaurants and Delivery
CUS-1577450,Brazil,Financial Services,"Credit, Loans and P2P"
CUS-1488000,Taiwan,Other,Other
CUS-355700,Turkey,Travel,Hotels and Accommodation
CUS-460000,Turkey,B2B Commerce,B2B Commerce
CUS-1577700,Brazil,Finance,Banking
CUS-602150,Turkey,Retail,Jewelry and Accessories
CUS-313500,Japan,Retail,Jewelry and Accessories
CUS-1513950,France,Retail,Toys
CUS-1473400,Malaysia,Finance,Investment
CUS-230450,Turkey,Retail,Home Appliances
CUS-1502350,CEE,Retail,Home Appliances
CUS-1507850,United States,Retail,Home Appliances
CUS-1452550,Russia,Retail,Home Appliances
CUS-1502450,CEE,Retail,Home Appliances
CUS-1502500,CEE,Retail,Home Appliances
CUS-1452600,Russia,Retail,Home Appliances
CUS-796500,Russia,Retail,Home Appliances
CUS-186350,CEE,Retail,Fashion Retailer
CUS-331650,Turkey,Retail,Supermarket Chains
CUS-1279700,MENA,Retail,Fashion Retailer
CUS-1072950,MENA,Retail,Cosmetics
CUS-381600,Turkey,Internet and Telecom,Internet and Telecom
CUS-1508050,Vietnam,Retail,Home Appliances
CUS-1454950,Indonesia,Media and Publishing,Content Websites
CUS-1514300,Turkey,Retail,Kids Fashion
CUS-5603100,Turkey,Real Estate,Real Estate
CUS-1557750,Thailand,B2B Commerce,B2B Commerce
CUS-1479600,Vietnam,B2B Commerce,B2B Commerce
CUS-1559400,Indonesia,Retail,Home Appliances
CUS-1477300,Australia,Retail,Home and Furniture
CUS-1488250,Taiwan,Other,Other
CUS-1473050,Turkey,Retail,Fashion Retailer
CUS-1357850,Turkey,Retail,Sports
CUS-1493500,Brazil,Retail,Sports
CUS-219700,Turkey,Transportation and Logistics,Transportation and Logistics
CUS-176000,Vietnam,Automotive,Automotive
CUS-1179100,Taiwan,Retail,Fashion Retailer
CUS-1104650,Vietnam,Media and Publishing,Newspapers and Magazines
CUS-1360450,Turkey,Retail,Fashion Retailer
CUS-1492650,Turkey,Retail,Fashion Retailer
CUS-155750,Turkey,Other,Other
CUS-1194200,Turkey,Retail,Fashion Retailer
CUS-398000,Turkey,Retail,Fashion Retailer
CUS-1239150,Turkey,Retail,Fashion Retailer
CUS-156500,Turkey,Retail,Jewelry and Accessories
CUS-1488600,MENA,Retail,Cosmetics
CUS-1463000,South Cone,Finance,Banking
CUS-470950,Indonesia,Automotive,Automotive
CUS-460950,Vietnam,Finance,"Credit, Loans and P2P"
CUS-1489300,Indonesia,Finance,"Credit, Loans and P2P"
CUS-1489350,Indonesia,Finance,"Credit, Loans and P2P"
CUS-1465150,Korea,Retail,Marketplace
CUS-1270150,CEE,Classifieds,Classifieds
CUS-1329600,Thailand,Finance,"Credit, Loans and P2P"
CUS-1484050,United States,Retail,Fashion Retailer
CUS-1299750,Turkey,Retail,Consumer Electronics
CUS-159100,Turkey,Retail,Fashion Retailer
CUS-245100,Turkey,Retail,Kids Fashion
CUS-1529600,France,Other,Other
CUS-1544800,France,Retail,Marketplace
CUS-1378450,Malaysia,Finance,Insurance
CUS-1482750,Turkey,Retail,Sports
CUS-1488050,Taiwan,Other,Other
CUS-1559200,Australia,Retail,Sports
CUS-1553500,South Cone,Retail,Animal Products
CUS-1511000,Malaysia,Retail,Home Appliances
CUS-343450,Malaysia,Retail,Home Appliances
CUS-1598800,Australia,Other,Other
CUS-1563250,Korea,Healthcare,Hospital and Dentistry
CUS-1029150,Vietnam,Classifieds,Classifieds
CUS-1516650,Thailand,Finance,Insurance
CUS-1476700,Mexico,Retail,Fashion Retailer
CUS-152100,CEE,Retail,Entertainment and Ticketing
CUS-1502150,Turkey,Finance,Banking
CUS-237500,Japan,Retail,Entertainment and Ticketing
CUS-545150,,,
CUS-231050,MENA,Travel,Online Travel Agency (OTA)
CUS-552450,Turkey,Retail,Publications
CUS-262550,CEE,Retail,Cosmetics
CUS-1577100,Turkey,Retail,Fashion Retailer
CUS-1538600,Australia,Retail,Animal Products
CUS-1471100,MENA,Finance,"Credit, Loans and P2P"
CUS-1562000,Taiwan,Retail,Fashion Retailer
CUS-1451700,Australia,Other,Other
CUS-888350,Taiwan,Retail,Consumer Electronics
CUS-1345100,Malaysia,Retail,Marketplace
CUS-288100,Turkey,Retail,Jewelry and Accessories
CUS-1453800,Taiwan,Internet and Telecom,Internet and Telecom
CUS-158200,Turkey,Media and Publishing,Content Websites
CUS-1189700,Turkey,Retail,Fashion Retailer
CUS-1503750,Australia,Retail,Marketplace
CUS-1503100,Australia,Retail,Marketplace
CUS-1503850,Australia,Retail,Marketplace
CUS-1472500,Indonesia,Travel,Hotels and Accommodation
CUS-1588400,South Cone,Retail,Fashion Retailer
CUS-1460750,Vietnam,Internet and Telecom,Internet and Telecom
CUS-240750,Vietnam,Travel,Online Travel Agency (OTA)
CUS-153900,Russia,Retail,Toys
CUS-1508300,Indonesia,Retail,Marketplace
CUS-1105700,Taiwan,Internet and Telecom,Content Websites
CUS-1454600,United Kingdom,Retail,Fashion Retailer
CUS-1500000,MENA,Retail,Fashion Retailer
CUS-5605000,Turkey,,
CUS-1459800,Turkey,Retail,Cosmetics
CUS-1492400,Singapore,Career and Education,Education and Universities
CUS-1514350,Benelux,Finance,Banking
CUS-1508100,Benelux,Ebetting and Lottery,Ebetting and Lottery
CUS-795950,Australia,Retail,Home and Furniture
CUS-1541800,Brazil,Retail,Cosmetics
CUS-1446100,Indonesia,Healthcare,Pharmaceuticals
CUS-278350,Turkey,Retail,Fashion Retailer
CUS-1516800,MENA,Finance,Banking
CUS-257050,MENA,Finance,"Credit, Loans and P2P"
CUS-635300,MENA,Finance,Banking
CUS-390850,Taiwan,Restaurants and Delivery,Restaurants and Delivery
CUS-1503350,Turkey,B2B Commerce,B2B Commerce
CUS-1512600,Benelux,Retail,Cosmetics
CUS-378500,Turkey,Other,
CUS-1087500,MENA,Restaurants and Delivery,Restaurants and Delivery
CUS-311050,CEE,Retail,Cosmetics
CUS-1513150,United States,B2B SaaS,B2B SaaS
CUS-249050,Turkey,Retail,Home Appliances
CUS-1480750,Turkey,Retail,Sports
CUS-152500,CEE,Retail,Shoes
CUS-1277050,Vietnam,Retail,Gaming
CUS-208800,Malaysia,Media and Publishing,Newspapers and Magazines
CUS-154300,CEE,Media and Publishing,Newspapers and Magazines
CUS-1543650,France,Real Estate,Real Estate
CUS-1543600,France,Real Estate,Real Estate
CUS-1543700,France,Real Estate,Real Estate
CUS-1543800,France,Real Estate,Real Estate
CUS-1497300,Thailand,Finance,Insurance
CUS-1597300,Vietnam,Healthcare,Pharmaceuticals
CUS-347750,Turkey,Retail,Shoes
CUS-222250,Turkey,Automotive,Automotive
CUS-1520800,MENA,Automotive,Automotive
CUS-950500,MENA,Automotive,Automotive
CUS-950450,MENA,Automotive,Automotive
CUS-1435500,MENA,Automotive,Automotive
CUS-1444350,Taiwan,Retail,Home and Furniture
CUS-378650,CEE,Finance,Insurance
CUS-428600,CEE,Retail,Cosmetics
CUS-1454700,Thailand,Retail,Marketplace
CUS-434600,Thailand,Travel,Airlines and Airports
CUS-1452450,Indonesia,Internet and Telecom,Internet and Telecom
CUS-1010150,Australia,Retail,Cosmetics
CUS-1484650,Singapore,Retail,Shoes
CUS-355600,Turkey,Travel,Hotels and Accommodation
CUS-355650,Turkey,Travel,Hotels and Accommodation
CUS-1499950,MENA,Finance,
CUS-1513100,Taiwan,Retail,Marketplace
CUS-160500,Turkey,Media and Publishing,Content Websites
CUS-1454000,Turkey,Retail,Cosmetics
CUS-1459750,Benelux,Retail,Fashion Retailer
CUS-440850,Turkey,Retail,Home and Furniture
CUS-1539500,Turkey,Retail,Home and Furniture
CUS-732700,Indonesia,Other,Other
CUS-825500,Taiwan,Retail,Fashion Retailer
CUS-261450,Turkey,Retail,Cosmetics
CUS-1454750,Taiwan,Retail,Fashion Retailer
CUS-241400,Turkey,Travel,Online Travel Agency (OTA)
CUS-201900,Turkey,Retail,Fashion Retailer
CUS-249450,Malaysia,Gaming,Gaming
CUS-530450,Thailand,Retail,Office Products
CUS-151000,MENA,Other,Other
CUS-1471850,Malaysia,Media and Publishing,Content Websites
CUS-735500,Australia,Retail,Cosmetics
CUS-237600,Japan,Travel,Hotels and Accommodation
CUS-1482600,Russia,Retail,Kids Fashion
CUS-1554250,Turkey,Retail,Consumer Electronics
CUS-1586300,Brazil,Classifieds,Classifieds
CUS-161200,Indonesia,Classifieds,Classifieds
CUS-1485100,Brazil,Retail,Fashion Retailer
CUS-268550,CEE,Retail,Fashion Retailer
CUS-1454900,Turkey,B2B Commerce,B2B Commerce
CUS-513950,Malaysia,Media and Publishing,Content Websites
CUS-1476950,Singapore,Retail,Fashion Retailer
CUS-1600650,Benelux,Classifieds,Classifieds
CUS-157350,Turkey,Travel,Airlines and Airports
CUS-498050,Thailand,Media and Publishing,Content Websites
CUS-1442450,Turkey,Automotive,Automotive
CUS-174850,Indonesia,Retail,Kids Fashion
CUS-660400,Indonesia,Retail,Kids Fashion
CUS-261400,CEE,Internet and Telecom,Internet and Telecom
CUS-1450050,CEE,Internet and Telecom,Internet and Telecom
CUS-742850,MENA,Restaurants and Delivery,Restaurants and Delivery
CUS-1565600,MENA,Restaurants and Delivery,Restaurants and Delivery
CUS-1597350,Vietnam,Retail,Marketplace
CUS-1526250,Turkey,Retail,Supermarket Chains
CUS-300200,CEE,Retail,Cosmetics
CUS-1474800,MENA,Retail,Fashion Retailer
CUS-886850,Turkey,Healthcare,Pharmaceuticals
CUS-1468550,Turkey,Retail,Cosmetics
CUS-1578450,CEE,Retail,Cosmetics
CUS-1078250,CEE,Retail,Cosmetics
CUS-1078400,CEE,Retail,Cosmetics
CUS-1078300,CEE,Retail,Cosmetics
CUS-361800,Japan,B2B Commerce,B2B Commerce
CUS-1531400,Turkey,Retail,Jewelry and Accessories
CUS-1485200,Japan,Retail,Cosmetics
CUS-1479100,Turkey,Finance,Investment
CUS-169650,Russia,Retail,Fashion Retailer
CUS-1455200,CEE,Retail,Fashion Retailer
CUS-157300,Turkey,Travel,Hotels and Accommodation
CUS-1472750,Turkey,Automotive,Automotive
CUS-183350,Turkey,Automotive,Automotive
CUS-234950,Turkey,Automotive,Automotive
CUS-1463050,Turkey,Automotive,Automotive
CUS-1520350,Turkey,Automotive,Automotive
CUS-272600,Indonesia,Other,Other
CUS-1091150,Benelux,Retail,Marketplace
CUS-686250,Indonesia,Internet and Telecom,Internet and Telecom
CUS-166300,Turkey,Retail,Fashion Retailer
CUS-595750,Indonesia,Finance,Banking
CUS-1493450,Australia,Retail,Cosmetics
CUS-195300,Turkey,Retail,Kids Fashion
CUS-1455450,MENA,Restaurants and Delivery,Restaurants and Delivery
CUS-1456900,Turkey,Retail,Office Products
CUS-1585400,United States,Retail,Marketplace
CUS-312150,Turkey,Retail,Office Products
CUS-1477100,United Kingdom,Retail,Consumer Electronics
CUS-712600,Hong Kong,Retail,Supermarket Chains
CUS-162150,Singapore,Healthcare,Hospital and Dentistry
CUS-214800,Russia,Retail,Entertainment and Ticketing
CUS-314650,Indonesia,Retail,Fashion Retailer
CUS-1560700,Indonesia,Other,Other
CUS-496650,Indonesia,Finance,"Credit, Loans and P2P"
CUS-225550,Indonesia,B2B SaaS,B2B SaaS
CUS-1487900,Taiwan,Retail,Fashion Retailer
CUS-1403300,Japan,B2B Commerce,B2B Commerce
CUS-1484600,Taiwan,Retail,Marketplace
CUS-1562450,Turkey,Retail,Jewelry and Accessories
CUS-281300,Turkey,Travel,Airlines and Airports
CUS-885100,Turkey,Travel,Airlines and Airports
CUS-463700,Turkey,Retail,Jewelry and Accessories
CUS-159450,Turkey,Retail,Fashion Retailer
CUS-156600,Turkey,Retail,Home and Furniture
CUS-1490950,Spain,Retail,Animal Products
CUS-1491000,Spain,Retail,Fashion Retailer
CUS-1473000,Spain,Retail,Fashion Retailer
CUS-195200,Indonesia,Retail,Cosmetics
CUS-1190750,Japan,Career and Education,Jobs and Employment
CUS-639400,Turkey,Retail,Fashion Retailer
CUS-1194100,Turkey,Retail,Animal Products
CUS-1514900,France,Retail,Fashion Retailer
CUS-1508950,France,Retail,Fashion Retailer
CUS-1509300,France,Retail,Fashion Retailer
CUS-1509350,France,Retail,Fashion Retailer
CUS-1480800,Benelux,Retail,Animal Products
CUS-173800,Turkey,Automotive,Automotive
CUS-635700,CEE,Healthcare,Pharmaceuticals
CUS-836200,CEE,Healthcare,Pharmaceuticals
CUS-836250,CEE,Healthcare,Pharmaceuticals
CUS-836150,CEE,Other,Pharmaceuticals
CUS-571300,Vietnam,Healthcare,Pharmaceuticals
CUS-1132850,France,Retail,Consumer Electronics
CUS-563450,CEE,Retail,Consumer Electronics
CUS-1567650,MENA,Retail,Cosmetics
CUS-581600,Malaysia,Retail,Gifts
CUS-1455900,Philippines,Restaurants and Delivery,Restaurants and Delivery
CUS-524950,CEE,Retail,Jewelry and Accessories
CUS-1502200,Vietnam,Retail,Fashion Retailer
CUS-1453500,Vietnam,Retail,Fashion Retailer
CUS-159700,Turkey,Retail,Fashion Retailer
CUS-515050,Russia,Real Estate,Real Estate
CUS-1482650,Turkey,Retail,Supermarket Chains
CUS-752450,CEE,Retail,Fashion Retailer
CUS-1561000,Indonesia,Career and Education,Education and Universities
CUS-1472450,United Kingdom,Media and Publishing,Content Websites
CUS-1488300,Taiwan,Other,Other
CUS-1467000,Turkey,Restaurants and Delivery,Restaurants and Delivery
CUS-1517250,MENA,Restaurants and Delivery,Restaurants and Delivery
CUS-1511100,Malaysia,Restaurants and Delivery,Restaurants and Delivery
CUS-1468850,Benelux,Restaurants and Delivery,Restaurants and Delivery
CUS-1468900,MENA,Restaurants and Delivery,Restaurants and Delivery
CUS-1459300,Singapore,Restaurants and Delivery,Restaurants and Delivery
CUS-1450300,Hong Kong,Restaurants and Delivery,Restaurants and Delivery
CUS-1444400,Taiwan,Restaurants and Delivery,Restaurants and Delivery
CUS-152450,CEE,Restaurants and Delivery,Restaurants and Delivery
CUS-1032050,MENA,Restaurants and Delivery,Restaurants and Delivery
CUS-483850,Turkey,Restaurants and Delivery,Restaurants and Delivery
CUS-1393900,Taiwan,Retail,Fashion Retailer
CUS-1580700,United States,Non Profit Organizations,Non Profit Organizations
CUS-912150,Australia,Retail,Shoes
CUS-206600,Indonesia,Retail,Consumer Electronics
CUS-1598500,South Cone,Retail,
CUS-1554300,Turkey,Retail,Home and Furniture
CUS-5599700,Brazil,Automotive,Automotive
CUS-1535400,Turkey,Finance,Banking
CUS-1554150,MENA,Automotive,Automotive
CUS-1460300,Brazil,Retail,Marketplace
CUS-744000,Indonesia,Media and Publishing,Newspapers and Magazines
CUS-161650,Malaysia,Retail,Fashion Retailer
CUS-744050,Indonesia,Media and Publishing,Newspapers and Magazines
CUS-1500150,South Cone,Automotive,Automotive
CUS-1453700,Thailand,Media and Publishing,Newspapers and Magazines
CUS-1442150,Thailand,Retail,Consumer Electronics
CUS-621600,Thailand,Media and Publishing,Content Websites
CUS-270300,Turkey,Automotive,Automotive
CUS-775100,Japan,Other,Consumer Electronics
CUS-1510500,Vietnam,Career and Education,Education and Universities
CUS-1479050,Taiwan,Career and Education,Education and Universities
CUS-1531150,Indonesia,Healthcare,Hospital and Dentistry
CUS-1359550,Korea,Retail,Cosmetics
CUS-1503450,Singapore,Retail,Consumer Electronics
CUS-1476600,Turkey,Retail,Cosmetics
CUS-1460400,Hong Kong,Retail,Marketplace
CUS-248500,Turkey,Internet and Telecom,Internet and Telecom
CUS-664600,Turkey,Travel,Online Travel Agency (OTA)
CUS-642900,Singapore,Real Estate,Real Estate
CUS-1350200,Turkey,Retail,Fitness
CUS-1442900,Singapore,Finance,Insurance
CUS-494250,CEE,Finance,Insurance
CUS-1516600,Taiwan,Media and Publishing,Newspapers and Magazines
CUS-1538000,MENA,Fashion,Fashion Retailer
CUS-1082550,Malaysia,Retail,Fashion Retailer
CUS-452700,Turkey,Retail,Sports
CUS-1090100,Russia,Retail,Fashion Retailer
CUS-1538100,South Cone,Retail,Animal Products
CUS-1517850,MENA,Other,
CUS-1329700,France,Travel,Online Travel Agency (OTA)
CUS-1478700,Australia,Retail,Consumer Electronics
CUS-1478750,Australia,Retail,Supermarket Chains
CUS-1030400,Australia,Retail,Marketplace
CUS-1497600,MENA,,
CUS-987600,Indonesia,Restaurants and Delivery,Content Websites
CUS-920750,Taiwan,Retail,Fashion Retailer
CUS-252250,Turkey,Finance,Insurance
CUS-1483000,Taiwan,Retail,Fashion Retailer
CUS-1544850,Taiwan,Retail,Fashion Retailer
CUS-1582300,MENA,Restaurants and Delivery,Restaurants and Delivery
CUS-1449950,Brazil,Restaurants and Delivery,Restaurants and Delivery
CUS-304700,Turkey,Retail,Fashion Retailer
CUS-5602050,Vietnam,,
CUS-914900,Turkey,Retail,Home and Furniture
CUS-1464250,Vietnam,Classifieds,Classifieds
CUS-676950,CEE,Retail,Fashion Retailer
CUS-476850,Malaysia,Travel,Hotels and Accommodation
CUS-152650,CEE,Automotive,Automotive
CUS-1479400,Taiwan,Retail,Fashion Retailer
CUS-1449650,Korea,Retail,Sports
CUS-1129500,Korea,Non Profit Organizations,Education and Universities
CUS-158150,Turkey,Retail,Home Appliances
CUS-1457950,CEE,Retail,Fashion Retailer
CUS-1465400,CEE,Retail,Fashion Retailer
CUS-1465450,CEE,Retail,Fashion Retailer
CUS-1465500,CEE,Retail,Fashion Retailer
CUS-1465600,CEE,Retail,Fashion Retailer
CUS-604150,Turkey,Career and Education,Education and Universities
CUS-166200,Turkey,Automotive,Automotive
CUS-1469550,France,Transportation and Logistics,Transportation and Logistics
CUS-1461200,Turkey,Travel,Car Rentals
CUS-1526800,Brazil,Other,Other
CUS-1482900,Indonesia,Retail,Fashion Retailer
CUS-607050,Korea,Travel,Car Rentals
CUS-1495750,Korea,,
CUS-1562650,Australia,Retail,Fashion Retailer
CUS-408050,Korea,Retail,Marketplace
CUS-1586100,Australia,Retail,Fashion Retailer
CUS-1484350,United States,Retail,
CUS-1459450,Taiwan,Retail,Consumer Electronics
CUS-1459500,Taiwan,Retail,Consumer Electronics
CUS-1443100,Taiwan,Retail,Consumer Electronics
CUS-1499750,Brazil,Retail,Fashion Retailer
CUS-1461450,Benelux,Retail,Home and Furniture
CUS-1586700,Taiwan,Retail,Fashion Retailer
CUS-223500,Vietnam,Retail,Fashion Retailer
CUS-841000,Thailand,Retail,Fashion Retailer
CUS-461200,Singapore,Retail,Home and Furniture
CUS-1442350,Philippines,Finance,Banking
CUS-1469650,Turkey,Retail,Consumer Electronics
CUS-1206050,Turkey,Retail,Consumer Electronics
CUS-1557850,Turkey,Retail,Marketplace
CUS-630550,Korea,Retail,Fashion Retailer
CUS-1471900,Malaysia,Media and Publishing,Content Websites
CUS-1580750,United States,Retail,Fashion Retailer
CUS-1483300,Indonesia,Retail,Cosmetics
CUS-1454150,Turkey,Retail,Cosmetics
CUS-1526200,Vietnam,Retail,Fashion Retailer
CUS-665150,Turkey,Retail,Home Appliances
CUS-397650,MENA,Travel,Airlines and Airports
CUS-1126800,Russia,Retail,Animal Products
CUS-726400,Spain,Retail,Flowers
CUS-1442400,Taiwan,Retail,Fashion Retailer
CUS-572250,CEE,Retail,Shoes
CUS-228050,Indonesia,Retail,Office Products
CUS-1530400,Turkey,Media and Publishing,Content Websites
CUS-470750,Taiwan,Retail,Cosmetics
CUS-1459900,Turkey,Media and Publishing,Content Websites
CUS-1517350,Turkey,Media and Publishing,Content Websites
CUS-158300,Turkey,Media and Publishing,Content Websites
CUS-512700,MENA,Travel,Hotels and Accommodation
CUS-1486050,MENA,Retail,Home and Furniture
CUS-1102650,Turkey,Retail,Shoes
CUS-1458950,Spain,Travel,Online Travel Agency (OTA)
CUS-1549550,Australia,Automotive,Automotive
CUS-1578400,Brazil,Retail,Supermarket Chains
CUS-1506000,United Kingdom,Retail,Consumer Electronics
CUS-1506050,United Kingdom,Retail,Consumer Electronics
CUS-1506100,Australia,Retail,Consumer Electronics
CUS-1511600,United Kingdom,Retail,Consumer Electronics
CUS-1597500,United Kingdom,Retail,Consumer Electronics
CUS-1597550,United Kingdom,Retail,Consumer Electronics
CUS-1597600,United Kingdom,Retail,Consumer Electronics
CUS-1598600,United Kingdom,Retail,Consumer Electronics
CUS-1599850,United Kingdom,Retail,Consumer Electronics
CUS-1597650,United Kingdom,Retail,Consumer Electronics
CUS-1506200,United Kingdom,Retail,Consumer Electronics
CUS-1601450,MENA,Retail,Consumer Electronics
CUS-1506250,Australia,Retail,Consumer Electronics
CUS-1577400,United Kingdom,Retail,Consumer Electronics
CUS-1506300,United Kingdom,Retail,Consumer Electronics
CUS-226650,Korea,Retail,Consumer Electronics
CUS-1005900,Korea,Retail,Consumer Electronics
CUS-957900,Australia,Retail,Home Appliances
CUS-1552700,Korea,Retail,Consumer Electronics
CUS-1473450,MENA,Retail,Consumer Electronics
CUS-1473550,MENA,Retail,Consumer Electronics
CUS-902900,MENA,Retail,Consumer Electronics
CUS-1474000,MENA,Retail,Consumer Electronics
CUS-1473600,MENA,Retail,Consumer Electronics
CUS-1474050,MENA,Retail,Consumer Electronics
CUS-1473650,MENA,Retail,Consumer Electronics
CUS-419600,Korea,Internet and Telecom,Internet and Telecom
CUS-788200,Korea,B2B SaaS,B2B SaaS
CUS-322550,Turkey,Retail,Consumer Electronics
CUS-619650,MENA,Retail,Consumer Electronics
CUS-1461250,Turkey,Retail,Sports
CUS-295200,Turkey,Retail,Sports
CUS-185100,Turkey,Retail,Supermarket Chains
CUS-1233800,Singapore,Retail,Cosmetics
CUS-1511250,Australia,Retail,Entertainment and Ticketing
CUS-1518000,Brazil,Finance,Banking
CUS-1518050,Brazil,Finance,Banking
CUS-726750,Russia,Retail,Home and Furniture
CUS-1486150,MENA,Retail,Fashion Retailer
CUS-1537450,Turkey,Retail,Fashion Retailer
CUS-253900,Turkey,Retail,Office Products
CUS-1569600,United States,Automotive,Automotive
CUS-1589800,United States,Automotive,Automotive
CUS-1597150,United States,Automotive,Automotive
CUS-1499650,Australia,Retail,Fashion Retailer
CUS-1488950,United Kingdom,Retail,Cosmetics
CUS-421850,Malaysia,Media and Publishing,Newspapers and Magazines
CUS-1517750,MENA,Other,
CUS-1458500,Thailand,Retail,Home and Furniture
CUS-291050,Turkey,Automotive,Automotive
CUS-618000,Thailand,Retail,Home and Furniture
CUS-1036400,Taiwan,Healthcare,Pharmaceuticals
CUS-1090300,Singapore,Travel,Airlines and Airports
CUS-1549450,Vietnam,Finance,Banking
CUS-1493850,Australia,Retail,Fashion Retailer
CUS-1479000,United Kingdom,Retail,Fashion Retailer
CUS-1589200,Turkey,B2B Commerce,B2B Commerce
CUS-185700,Turkey,Retail,Fashion Retailer
CUS-531500,Turkey,Retail,Fashion Retailer
CUS-1544250,Spain,Finance,Insurance
CUS-1470800,Indonesia,Healthcare,Hospital and Dentistry
CUS-593800,Indonesia,Transportation and Logistics,Transportation and Logistics
CUS-176100,Russia,Retail,Fashion Retailer
CUS-774850,CEE,Retail,Home and Furniture
CUS-209750,Turkey,Retail,Cosmetics
CUS-155400,Turkey,Finance,Banking
CUS-1537600,Taiwan,Retail,Fashion Retailer
CUS-580050,Turkey,Retail,Cosmetics
CUS-661350,Russia,Retail,Cosmetics
CUS-637400,MENA,Retail,Cosmetics
CUS-1600200,Korea,Healthcare,Pharmaceuticals
CUS-1574200,Brazil,Other,Other
CUS-172500,Turkey,Other,Other
CUS-579650,Indonesia,Automotive,Automotive
CUS-1289700,Hong Kong,Retail,Fashion Retailer
CUS-495600,MENA,Retail,Consumer Electronics
CUS-1449300,Vietnam,Finance,Banking
CUS-862500,Turkey,Transportation and Logistics,Transportation and Logistics
CUS-243550,Korea,Finance,Investment
CUS-247250,Indonesia,Transportation and Logistics,Transportation and Logistics
CUS-1586150,Australia,Retail,Fashion Retailer
CUS-1586200,Australia,Retail,Fashion Retailer
CUS-1443800,Russia,Retail,Consumer Electronics
CUS-1086200,Korea,Retail,Cosmetics
CUS-151450,MENA,Transportation and Logistics,Transportation and Logistics
CUS-647750,Russia,Retail,Consumer Electronics
CUS-571450,Spain,Other,Other
CUS-157700,Turkey,Finance,Insurance
CUS-1458550,Turkey,Retail,Fashion Retailer
CUS-201250,Singapore,Travel,Airlines and Airports
CUS-1476650,Indonesia,Healthcare,Hospital and Dentistry
CUS-1536150,Indonesia,Finance,Investment
CUS-1498700,Turkey,Retail,Fashion Retailer
CUS-1393800,Singapore,Finance,Insurance
CUS-1471950,Malaysia,Media and Publishing,Content Websites
CUS-1364950,Australia,Retail,Sports
CUS-1595750,Benelux,Retail,Fashion Retailer
CUS-1169800,Singapore,Retail,Fitness
CUS-1462000,CEE,Retail,Home and Furniture
CUS-1537150,Taiwan,Retail,Marketplace
CUS-168850,CEE,Finance,Transportation and Logistics
CUS-531300,Turkey,Retail,Fashion Retailer
CUS-408200,Korea,Retail,Consumer Electronics
CUS-1461900,Spain,Career and Education,Education and Universities
CUS-907550,Vietnam,Finance,"Credit, Loans and P2P"
CUS-1380800,Singapore,Career and Education,Jobs and Employment
CUS-351350,Turkey,Retail,Sports
CUS-1518300,Vietnam,Retail,Kids Fashion
CUS-588950,Turkey,B2B Commerce,B2B Commerce
CUS-1483950,Vietnam,Retail,Home and Furniture
CUS-153550,Russia,B2B Commerce,B2B Commerce
CUS-718100,Turkey,Retail,Jewelry and Accessories
CUS-1544950,Indonesia,Retail,Cosmetics
CUS-1444950,Vietnam,Retail,Fashion Retailer
CUS-310250,Turkey,Media and Publishing,Newspapers and Magazines
CUS-314800,Turkey,Retail,Kids Fashion
CUS-1301500,Turkey,Retail,Gifts
CUS-1569850,Australia,Restaurants and Delivery,Restaurants and Delivery
CUS-361700,MENA,Automotive,Automotive
CUS-561800,Turkey,Other,Other
CUS-1500050,Russia,Retail,
CUS-1476900,MENA,Career and Education,Education and Universities
CUS-1541350,Malaysia,Real Estate,Real Estate
CUS-1519500,Turkey,Restaurants and Delivery,Restaurants and Delivery
CUS-1486500,Singapore,Career and Education,Education and Universities
CUS-1486550,Singapore,Career and Education,Education and Universities
CUS-1457250,Singapore,Media and Publishing,Content Websites
CUS-5607000,Turkey,,
CUS-151800,MENA,Retail,Sports
CUS-1494250,United Kingdom,Retail,Sports
CUS-1554900,Turkey,Retail,Sports
CUS-153750,Russia,Retail,Sports
CUS-1509650,Australia,Retail,
CUS-1507550,Turkey,,
CUS-1543300,Turkey,Automotive,Automotive
CUS-1559250,Australia,Retail,Sports
CUS-1561300,Australia,Retail,Home and Furniture
CUS-1545000,Spain,Retail,Sports
CUS-468500,Turkey,Retail,Sports
CUS-1075600,Turkey,Retail,Sports
CUS-775900,CEE,Real Estate,Real Estate
CUS-1460500,United Kingdom,B2B Commerce,B2B Commerce
CUS-1586950,Benelux,Career and Education,Jobs and Employment
CUS-160400,Turkey,Media and Publishing,Content Websites
CUS-966450,Turkey,Other,Other
CUS-642800,United Kingdom,Transportation and Logistics,Transportation and Logistics
CUS-1468650,MENA,Finance,Banking
CUS-1466300,Australia,Retail,Fashion Retailer
CUS-1466350,Australia,Retail,Fashion Retailer
CUS-1485150,Australia,Retail,Animal Products
CUS-152250,CEE,Other,Other
CUS-486200,Singapore,Retail,Fashion Retailer
CUS-352050,Malaysia,Automotive,Automotive
CUS-1596650,Taiwan,Restaurants and Delivery,Restaurants and Delivery
CUS-1526750,Malaysia,,
CUS-807000,Turkey,Restaurants and Delivery,Restaurants and Delivery
CUS-1341800,Korea,Retail,Cosmetics
CUS-1579750,Taiwan,Automotive,Automotive
CUS-1577800,Taiwan,Transportation and Logistics,Transportation and Logistics
CUS-991150,Taiwan,Retail,Fashion Retailer
CUS-1449600,Vietnam,Retail,Consumer Electronics
CUS-836700,Australia,Finance,Banking
CUS-1461850,Brazil,Finance,Banking
CUS-530100,Taiwan,Retail,Supermarket Chains
CUS-1485300,United Kingdom,Retail,Cosmetics
CUS-1469250,Turkey,Retail,Entertainment and Ticketing
CUS-993250,Thailand,Retail,Sports
CUS-201800,Turkey,Retail,Shoes
CUS-719100,Russia,Retail,Fashion Retailer
CUS-311000,Turkey,Healthcare,Pharmaceuticals
CUS-1373400,Australia,Other,Other
CUS-211950,Turkey,Restaurants and Delivery,Restaurants and Delivery
CUS-1510550,Australia,Retail,Fashion Retailer
CUS-1460600,Singapore,Career and Education,Education and Universities
CUS-1511300,Australia,Retail,Fashion Retailer
CUS-1463600,Turkey,Automotive,Automotive
CUS-418000,Russia,Retail,Consumer Electronics
CUS-1490500,Turkey,Travel,Hotels and Accommodation
CUS-1360750,MENA,Retail,Consumer Electronics
CUS-1569900,Australia,Retail,Cosmetics
CUS-1455150,Australia,Retail,Supermarket Chains
CUS-476750,Malaysia,Travel,Hotels and Accommodation
CUS-156700,Turkey,Retail,Home and Furniture
CUS-783350,CEE,Retail,Cosmetics
CUS-1489550,Taiwan,Other,Other
CUS-698100,Taiwan,Finance,Banking
CUS-295100,Turkey,Retail,Jewelry and Accessories
CUS-1473850,Australia,Retail,Fashion Retailer
CUS-1573600,Turkey,Retail,Book Retailers
CUS-763800,Japan,Other,Cosmetics
CUS-1472000,Malaysia,Media and Publishing,Content Websites
CUS-1491100,Russia,Restaurants and Delivery,Restaurants and Delivery
CUS-1449750,Turkey,Real Estate,
CUS-1453250,Australia,Retail,Home and Furniture
CUS-1481200,Australia,Retail,Fashion Retailer
CUS-1460550,MENA,Classifieds,Classifieds
CUS-748200,Japan,Retail,Sports
CUS-1521150,Taiwan,Retail,Fitness
CUS-153650,Russia,Retail,Consumer Electronics
CUS-412550,Vietnam,Retail,Consumer Electronics
CUS-665100,Turkey,Retail,Home Appliances
CUS-1580200,Turkey,Other,Other
CUS-165750,Turkey,Retail,Construction
CUS-1586550,MENA,Financial Services,Banking
CUS-1525250,Vietnam,Internet and Telecom,Internet and Telecom
CUS-1518400,Vietnam,Internet and Telecom,Internet and Telecom
CUS-164850,Indonesia,Internet and Telecom,Internet and Telecom
CUS-1585350,MENA,Internet and Telecom,Internet and Telecom
CUS-1474200,United Kingdom,Retail,Cosmetics
CUS-1580250,Turkey,Healthcare,Hospital and Dentistry
CUS-508750,Russia,Retail,Shoes
CUS-190650,Turkey,Retail,Fashion Retailer
CUS-606900,Thailand,Travel,Airlines and Airports
CUS-861200,Thailand,Media and Publishing,Newspapers and Magazines
CUS-983600,Thailand,Travel,Airlines and Airports
CUS-1534700,Australia,Retail,Home and Furniture
CUS-1567200,United States,Restaurants and Delivery,Restaurants and Delivery
CUS-1513550,MENA,Financial Services,
CUS-1509750,Australia,Retail,Consumer Electronics
CUS-1482500,Thailand,Retail,Supermarket Chains
CUS-1482550,Thailand,Retail,Fashion Retailer
CUS-1467650,United Kingdom,Retail,Cosmetics
CUS-1513650,Australia,Retail,Home and Furniture
CUS-1513600,MENA,Retail,Fashion Retailer
CUS-1130700,Australia,Retail,Sports
CUS-1130750,Australia,Retail,Sports
CUS-1453200,Philippines,Retail,Cosmetics
CUS-1227550,MENA,Retail,Cosmetics
CUS-499900,Vietnam,Retail,Cosmetics
CUS-476600,Malaysia,Travel,Hotels and Accommodation
CUS-428950,Vietnam,Retail,Restaurants and Delivery
CUS-1050600,MENA,Retail,Fashion Retailer
CUS-150700,MENA,Real Estate,Real Estate
CUS-708200,Turkey,Travel,Hotels and Accommodation
CUS-227850,Malaysia,Media and Publishing,Content Websites
CUS-405100,Japan,Retail,Jewelry and Accessories
CUS-505050,MENA,Retail,Fashion Retailer
CUS-1472050,Malaysia,Media and Publishing,Content Websites
CUS-452650,Japan,Retail,Home and Furniture
CUS-712800,Indonesia,Other,Fashion Retailer
CUS-421050,Vietnam,B2B Commerce,B2B Commerce
CUS-1444700,Vietnam,Healthcare,Pharmaceuticals
CUS-1460700,Spain,Retail,Consumer Electronics
CUS-276400,Taiwan,Travel,Airlines and Airports
CUS-1099250,Singapore,Career and Education,Education and Universities
CUS-219450,Vietnam,Retail,Marketplace
CUS-1499000,Turkey,Restaurants and Delivery,Restaurants and Delivery
CUS-1503050,Turkey,,
CUS-1542550,Taiwan,Retail,Shoes
CUS-1172500,Australia,Retail,Sports
CUS-1469950,Taiwan,Retail,Consumer Electronics
CUS-1470050,Taiwan,Retail,Consumer Electronics
CUS-1517200,Indonesia,Consumer Electronics,Other
CUS-1295850,Turkey,Media and Publishing,Content Websites
CUS-715900,Japan,Real Estate,Real Estate
CUS-1496000,Turkey,Retail,Fashion Retailer
CUS-1478850,Turkey,Automotive,Automotive
CUS-5602400,Taiwan,,
CUS-1503000,Turkey,Retail,Fashion Retailer
CUS-785050,Turkey,Retail,Fashion Retailer
CUS-789100,Turkey,Other,Other
CUS-169050,CEE,Retail,Fashion Retailer
CUS-1445750,Benelux,Retail,Shoes
CUS-1587450,Australia,B2B SaaS,B2B SaaS
CUS-776800,Korea,Travel,Online Travel Agency (OTA)
CUS-401650,Thailand,Travel,Online Travel Agency (OTA)
CUS-764500,United Kingdom,Retail,Fashion Retailer
CUS-1514500,Benelux,Retail,Animal Products
CUS-900250,Indonesia,Automotive,Automotive
CUS-430100,Indonesia,Automotive,Automotive
CUS-463500,MENA,Automotive,Automotive
CUS-169400,CEE,Retail,Toys
CUS-1079950,Taiwan,Retail,Jewelry and Accessories
CUS-156900,Turkey,Retail,Toys
CUS-1517700,Australia,B2B Commerce,B2B Commerce
CUS-463600,MENA,Automotive,Automotive
CUS-1460450,Indonesia,Finance,Banking
CUS-1548400,Malaysia,Retail,Automotive
CUS-1584300,Singapore,Retail,Automotive
CUS-198050,MENA,Travel,Online Travel Agency (OTA)
CUS-406850,MENA,Travel,Online Travel Agency (OTA)
CUS-421150,MENA,Travel,Online Travel Agency (OTA)
CUS-406900,MENA,Travel,Online Travel Agency (OTA)
CUS-421200,MENA,Travel,Online Travel Agency (OTA)
CUS-406750,MENA,Travel,Online Travel Agency (OTA)
CUS-421300,MENA,Travel,Online Travel Agency (OTA)
CUS-227250,Turkey,Retail,Fashion Retailer
CUS-160050,Turkey,Retail,Fashion Retailer
CUS-1459100,Turkey,B2B Commerce,B2B Commerce
CUS-1498000,Turkey,Retail,Fashion Retailer
CUS-1493300,Taiwan,Retail,Home and Furniture
CUS-840750,Thailand,Real Estate,Real Estate
CUS-631850,Thailand,Media and Publishing,Content Websites
CUS-1574450,France,Retail,Flowers
CUS-1449400,Australia,Retail,Sports
CUS-1501000,Turkey,Retail,Fashion Retailer
CUS-1469350,Turkey,Retail,Gifts
CUS-379050,Vietnam,Travel,Online Travel Agency (OTA)
CUS-671450,Malaysia,Internet and Telecom,Internet and Telecom
CUS-172100,Turkey,Internet and Telecom,Internet and Telecom
CUS-1481000,Turkey,Travel,Online Travel Agency (OTA)
CUS-1512550,Turkey,Other,Other
CUS-166750,Turkey,Internet and Telecom,Internet and Telecom
CUS-363150,Turkey,Travel,Online Travel Agency (OTA)
CUS-1496550,South Cone,Retail,Sports
CUS-1586750,Taiwan,Media and Publishing,Content Websites
CUS-169450,Russia,Other,Other
CUS-198900,CEE,Retail,Fashion Retailer
CUS-237450,Japan,Automotive,Automotive
CUS-1528100,CEE,Retail,Home and Furniture
CUS-459950,MENA,Retail,Marketplace
CUS-726500,Australia,Restaurants and Delivery,Restaurants and Delivery
CUS-227350,Japan,Retail,Fashion Retailer
CUS-153200,Russia,Retail,Marketplace
CUS-1493550,Brazil,Retail,Sports
CUS-390000,Hong Kong,Retail,Jewelry and Accessories
CUS-362600,Japan,Internet and Telecom,Internet and Telecom
CUS-615000,Turkey,Retail,Cosmetics
CUS-746450,Vietnam,Career and Education,Education and Universities
CUS-1514000,Turkey,Non Profit Organizations,Non Profit Organizations
CUS-337850,Turkey,Finance,Insurance
CUS-1489800,Brazil,Travel,Car Rentals
CUS-1478500,Benelux,Retail,Marketplace
CUS-1523000,Benelux,B2B Commerce,B2B Commerce
CUS-1245900,CEE,B2B Commerce,Supermarket Chains
CUS-244700,Turkey,Restaurants and Delivery,Restaurants and Delivery
CUS-268450,Australia,Retail,Fashion Retailer
CUS-161950,Malaysia,Retail,Fashion Retailer
CUS-161900,Singapore,Retail,Fashion Retailer
CUS-240800,Thailand,Retail,Fashion Retailer
CUS-259250,Taiwan,Retail,Fashion Retailer
CUS-1529250,Turkey,Retail,Fashion Retailer
CUS-1445800,Malaysia,Career and Education,Education and Universities
CUS-1549250,Vietnam,Internet and Telecom,Internet and Telecom
CUS-1509850,Brazil,Career and Education,Education and Universities
CUS-1542150,Korea,Internet and Telecom,Internet and Telecom
CUS-332800,Turkey,Retail,Cosmetics
CUS-1052200,Korea,Retail,Cosmetics
CUS-168000,Turkey,Retail,Fashion Retailer
CUS-237650,Japan,Retail,Jewelry and Accessories
CUS-729600,Turkey,Travel,Online Travel Agency (OTA)
CUS-1242200,MENA,Finance,"Credit, Loans and P2P"
CUS-732000,United Kingdom,Retail,Home and Furniture
CUS-1538550,Turkey,Healthcare,Hospital and Dentistry
CUS-1455300,Turkey,Automotive,Automotive
CUS-1496950,Turkey,Automotive,Automotive
CUS-174300,Turkey,Retail,Fashion Retailer
CUS-1437300,Benelux,Retail,Jewelry and Accessories
CUS-1527250,Benelux,,
CUS-1601650,Turkey,Healthcare,Hospital and Dentistry
CUS-268150,Turkey,Retail,Shoes
CUS-1587350,Benelux,Retail,Home and Furniture
CUS-158050,Turkey,Retail,Home Appliances
CUS-1304000,Vietnam,Travel,Transportation and Logistics
CUS-1525300,Vietnam,Finance,Banking
CUS-263000,MENA,Travel,Hotels and Accommodation
CUS-289850,Vietnam,Travel,Airlines and Airports
CUS-746200,Vietnam,Other,Other
CUS-916650,Vietnam,Internet and Telecom,Internet and Telecom
CUS-815850,Vietnam,Retail,Consumer Electronics
CUS-1280600,Vietnam,Internet and Telecom,Internet and Telecom
CUS-1607750,Singapore,Healthcare,Hospital and Dentistry
CUS-1486100,Vietnam,Automotive,Automotive
CUS-1464000,Vietnam,Classifieds,Classifieds
CUS-477800,Vietnam,Other,Other
CUS-1453900,Vietnam,Retail,Animal Products
CUS-1585300,Vietnam,Retail,Animal Products
CUS-1472150,Malaysia,Media and Publishing,Content Websites
CUS-535000,MENA,Retail,Consumer Electronics
CUS-1541850,Brazil,Other,Other
CUS-1451200,CEE,Retail,Jewelry and Accessories
CUS-1597700,Australia,Other,
CUS-1446850,Taiwan,,
CUS-1476750,Turkey,Career and Education,Education and Universities
CUS-203250,Turkey,Retail,Home and Furniture
CUS-1557350,Brazil,Retail,Jewelry and Accessories
CUS-1566350,Brazil,Classifieds,Classifieds
CUS-1539150,Taiwan,Retail,Consumer Electronics
CUS-152850,CEE,Finance,"Credit, Loans and P2P"
CUS-169000,CEE,Retail,Consumer Electronics
CUS-573700,CEE,Media and Publishing,Content Websites
CUS-531350,Turkey,Internet and Telecom,Internet and Telecom
CUS-1507700,Turkey,Retail,Marketplace
CUS-1510250,Benelux,Internet and Telecom,Internet and Telecom
CUS-1551800,MENA,Retail,Fashion Retailer
CUS-1586250,Australia,Retail,Fashion Retailer
CUS-1492800,Brazil,Automotive,Automotive
CUS-1384400,Vietnam,Finance,Banking
CUS-158100,Turkey,Retail,Consumer Electronics
CUS-1105850,Turkey,Retail,Fashion Retailer
CUS-1484000,Vietnam,Retail,Cosmetics
CUS-1513800,Vietnam,Retail,
CUS-1607500,Indonesia,,
CUS-990850,Vietnam,Media and Publishing,Content Websites
CUS-338550,Korea,Travel,Hotels and Accommodation
CUS-459100,Turkey,Career and Education,Education and Universities
CUS-1478600,France,Retail,Jewelry and Accessories
CUS-205950,Turkey,Retail,Cosmetics
CUS-394200,Hong Kong,Retail,Cosmetics
CUS-580650,Indonesia,Retail,Cosmetics
CUS-626250,Malaysia,Retail,Cosmetics
CUS-590150,Philippines,Retail,Cosmetics
CUS-1489000,CEE,Retail,Cosmetics
CUS-617450,Singapore,Retail,Cosmetics
CUS-608250,Thailand,Retail,Cosmetics
CUS-480100,Taiwan,Retail,Cosmetics
CUS-714500,Hong Kong,Retail,Restaurants and Delivery
CUS-1517900,Vietnam,Finance,Banking
CUS-1520600,Vietnam,Finance,Banking
CUS-1488400,Taiwan,Other,Other
CUS-1492950,Brazil,Classifieds,Classifieds
CUS-1607550,Indonesia,,
CUS-676000,Turkey,Retail,Jewelry and Accessories
CUS-414350,Vietnam,Retail,Consumer Electronics
CUS-1456700,MENA,Retail,Cosmetics
CUS-687150,Indonesia,Retail,Jewelry and Accessories
CUS-211150,Russia,Retail,Fashion Retailer
CUS-1518650,Taiwan,Retail,Gifts
CUS-1559800,MENA,,
CUS-552750,Malaysia,Retail,Fashion Retailer
CUS-957750,Australia,Retail,Home Appliances
CUS-266200,CEE,Retail,Fashion Retailer
CUS-949800,Australia,Retail,Shoes
CUS-152000,CEE,Retail,Jewelry and Accessories
CUS-1468400,Turkey,Retail,Home Appliances
CUS-1469600,Spain,Retail,Home Appliances
CUS-152350,CEE,Retail,Shoes
CUS-175750,CEE,Retail,Shoes
CUS-1496600,South Cone,Retail,Sports
CUS-154200,CEE,Retail,Fashion Retailer
CUS-609800,Turkey,Retail,Gifts
CUS-152750,CEE,Retail,Shoes
CUS-1500800,Turkey,Retail,Fashion Retailer
CUS-1497200,Korea,Retail,Sports
CUS-1498250,Russia,Restaurants and Delivery,Restaurants and Delivery
CUS-1514800,Taiwan,Retail,Home and Furniture
CUS-1496650,Turkey,Retail,Fashion Retailer
CUS-517600,CEE,Non Profit Organizations,Non Profit Organizations
CUS-1470400,Korea,Internet and Telecom,Internet and Telecom
CUS-519200,Vietnam,Retail,Jewelry and Accessories
CUS-351050,Turkey,Retail,Sports
CUS-1582450,MENA,Restaurants and Delivery,Restaurants and Delivery
CUS-1542300,Turkey,Finance,Investment
CUS-1241050,United Kingdom,Retail,Home and Furniture
CUS-1562700,Australia,Retail,Animal Products
CUS-1099500,MENA,Retail,Fashion Retailer
CUS-1458250,Turkey,Retail,Supermarket Chains
CUS-158000,Turkey,Career and Education,Jobs and Employment
CUS-1508150,France,Comparison,Other
CUS-1481150,Vietnam,Retail,Fashion Retailer
CUS-237550,Japan,Travel,Online Travel Agency (OTA)
CUS-1566750,Taiwan,Restaurants and Delivery,Restaurants and Delivery
CUS-566500,Thailand,Retail,Cosmetics
CUS-1607800,Malaysia,Retail,Cosmetics
CUS-1531550,Singapore,Retail,Cosmetics
CUS-1051750,Korea,Retail,Cosmetics
CUS-830700,Korea,Healthcare,Hospital and Dentistry
CUS-833950,Japan,Travel,Hotels and Accommodation
CUS-1216050,Indonesia,Media and Publishing,Newspapers and Magazines
CUS-169300,CEE,Retail,Fashion Retailer
CUS-1463400,Hong Kong,Other,Other
CUS-1488450,Taiwan,Other,Other
CUS-1495800,Spain,Retail,Cosmetics
CUS-153700,Russia,Retail,Cosmetics
CUS-169200,CEE,Retail,Cosmetics
CUS-232800,CEE,Retail,Cosmetics
CUS-159500,Turkey,Retail,Cosmetics
CUS-559400,Singapore,Retail,Fashion Retailer
CUS-783450,Spain,Retail,Flowers
CUS-1536550,Brazil,Classifieds,Classifieds
CUS-1500500,MENA,Media and Publishing,Content Websites
CUS-5604350,Benelux,,
CUS-993300,Singapore,B2B Commerce,B2B Commerce
CUS-230750,Singapore,Retail,Fashion Retailer
CUS-1499600,MENA,,Marketplace
CUS-1594350,Russia,Media and Publishing,Content Websites
CUS-1452500,Korea,Media and Publishing,Content Websites
